-- MySQL dump 10.14  Distrib 5.5.52-MariaDB, for Linux (x86_64)
--
-- Host: localhost    Database: hrm
-- ------------------------------------------------------
-- Server version	5.5.52-MariaDB

/*!40101 SET @OLD_CHARACTER_SET_CLIENT=@@CHARACTER_SET_CLIENT */;
/*!40101 SET @OLD_CHARACTER_SET_RESULTS=@@CHARACTER_SET_RESULTS */;
/*!40101 SET @OLD_COLLATION_CONNECTION=@@COLLATION_CONNECTION */;
/*!40101 SET NAMES utf8 */;
/*!40103 SET @OLD_TIME_ZONE=@@TIME_ZONE */;
/*!40103 SET TIME_ZONE='+00:00' */;
/*!40014 SET @OLD_UNIQUE_CHECKS=@@UNIQUE_CHECKS, UNIQUE_CHECKS=0 */;
/*!40014 SET @OLD_FOREIGN_KEY_CHECKS=@@FOREIGN_KEY_CHECKS, FOREIGN_KEY_CHECKS=0 */;
/*!40101 SET @OLD_SQL_MODE=@@SQL_MODE, SQL_MODE='NO_AUTO_VALUE_ON_ZERO' */;
/*!40111 SET @OLD_SQL_NOTES=@@SQL_NOTES, SQL_NOTES=0 */;

--
-- Table structure for table `activities`
--

DROP TABLE IF EXISTS `activities`;
/*!40101 SET @saved_cs_client     = @@character_set_client */;
/*!40101 SET character_set_client = utf8 */;
CREATE TABLE `activities` (
  `id` int(10) unsigned NOT NULL AUTO_INCREMENT,
  `user_id` int(11) NOT NULL,
  `reference_table` varchar(255) COLLATE utf8_unicode_ci NOT NULL,
  `reference` varchar(255) COLLATE utf8_unicode_ci NOT NULL,
  `description` text COLLATE utf8_unicode_ci NOT NULL,
  `ip_address` varchar(255) COLLATE utf8_unicode_ci NOT NULL,
  `created_at` timestamp NULL DEFAULT NULL,
  `updated_at` timestamp NULL DEFAULT NULL,
  PRIMARY KEY (`id`)
) ENGINE=InnoDB AUTO_INCREMENT=313 DEFAULT CHARSET=utf8 COLLATE=utf8_unicode_ci;
/*!40101 SET character_set_client = @saved_cs_client */;

--
-- Dumping data for table `activities`
--

LOCK TABLES `activities` WRITE;
/*!40000 ALTER TABLE `activities` DISABLE KEYS */;
INSERT INTO `activities` VALUES (1,1,'orders','s:10:\"1482338885\";','An order has been created.','::1','2016-12-21 10:48:05','2016-12-21 10:48:05'),(2,1,'orders','s:10:\"1482339114\";','An order has been created.','::1','2016-12-21 10:51:55','2016-12-21 10:51:55'),(3,1,'orders','s:10:\"1482339114\";','An order information has been updated. gg has been set to 1 for order ID:1482339114','::1','2016-12-21 19:59:21','2016-12-21 19:59:21'),(4,1,'orders','s:10:\"1482339114\";','An order information has been updated. qty has been set to 33 for order ID:1482339114','::1','2016-12-21 19:59:27','2016-12-21 19:59:27'),(5,1,'orders','s:10:\"1482339114\";','An order information has been updated. qty has been set to 333 for order ID:1482339114','::1','2016-12-21 19:59:53','2016-12-21 19:59:53'),(6,1,'orders','s:10:\"1482339114\";','An order information has been updated. gg has been set to 333 for order ID:1482339114','::1','2016-12-21 20:00:41','2016-12-21 20:00:41'),(7,1,'orders','s:10:\"1482339114\";','An order information has been updated. qty has been set to 4 for order ID:1482339114','::1','2016-12-21 20:00:45','2016-12-21 20:00:45'),(8,1,'buyers','i:1482859501;','A buyer has been created.','::1','2016-12-27 11:25:01','2016-12-27 11:25:01'),(9,1,'orders','s:10:\"1482338885\";','An order information has been updated. buyer_id has been set to 1482859501 for order ID:1482338885','::1','2016-12-28 09:59:38','2016-12-28 09:59:38'),(10,1,'orders','s:10:\"1482339114\";','An order information has been updated. buyer_id has been set to 1482859501 for order ID:1482339114','::1','2016-12-28 09:59:45','2016-12-28 09:59:45'),(11,1,'orders','s:10:\"1482538885\";','An order information has been updated. qty has been set to 124 for order ID:1482538885','::1','2016-12-29 09:00:19','2016-12-29 09:00:19'),(12,1,'buyers','i:1483067984;','A buyer has been created.','::1','2016-12-29 21:19:44','2016-12-29 21:19:44'),(13,1,'buyers','i:1483067989;','A buyer has been created.','::1','2016-12-29 21:19:49','2016-12-29 21:19:49'),(14,1,'buyers','i:1483067994;','A buyer has been created.','::1','2016-12-29 21:19:54','2016-12-29 21:19:54'),(15,1,'buyers','i:1483067998;','A buyer has been created.','::1','2016-12-29 21:19:58','2016-12-29 21:19:58'),(16,1,'buyers','s:10:\"1483067994\";','Some buyers have been removed from the system.','::1','2016-12-29 21:20:09','2016-12-29 21:20:09'),(17,1,'buyers','a:2:{i:0;s:10:\"1483067984\";i:1;s:10:\"1483067998\";}','Some buyers have been removed from the system.','::1','2016-12-29 21:20:21','2016-12-29 21:20:21'),(18,1,'buyers','i:1483068035;','A buyer has been created.','::1','2016-12-29 21:20:35','2016-12-29 21:20:35'),(19,1,'buyers','i:1483068039;','A buyer has been created.','::1','2016-12-29 21:20:39','2016-12-29 21:20:39'),(20,1,'buyers','i:1483068044;','A buyer has been created.','::1','2016-12-29 21:20:44','2016-12-29 21:20:44'),(21,1,'buyers','a:4:{i:0;s:10:\"1483067989\";i:1;s:10:\"1483068035\";i:2;s:10:\"1483068039\";i:3;s:10:\"1483068044\";}','Some buyers have been removed from the system.','::1','2016-12-29 21:20:53','2016-12-29 21:20:53'),(22,1,'buyers','i:1483068076;','A buyer has been created.','::1','2016-12-29 21:21:16','2016-12-29 21:21:16'),(23,1,'buyers','i:1483068090;','A buyer has been created.','::1','2016-12-29 21:21:30','2016-12-29 21:21:30'),(24,1,'buyers','s:10:\"1483068090\";','Some buyers have been removed from the system.','::1','2016-12-29 21:21:41','2016-12-29 21:21:41'),(25,1,'buyers','i:1483068155;','A buyer has been created.','::1','2016-12-29 21:22:35','2016-12-29 21:22:35'),(26,1,'buyers','i:1483068160;','A buyer has been created.','::1','2016-12-29 21:22:40','2016-12-29 21:22:40'),(27,1,'buyers','i:1483068165;','A buyer has been created.','::1','2016-12-29 21:22:45','2016-12-29 21:22:45'),(28,1,'buyers','i:1483068170;','A buyer has been created.','::1','2016-12-29 21:22:50','2016-12-29 21:22:50'),(29,1,'buyers','i:1483068174;','A buyer has been created.','::1','2016-12-29 21:22:54','2016-12-29 21:22:54'),(30,1,'buyers','i:1483068706;','A buyer has been created.','::1','2016-12-29 21:31:46','2016-12-29 21:31:46'),(31,1,'buyers','i:1483068769;','A buyer has been created.','::1','2016-12-29 21:32:49','2016-12-29 21:32:49'),(32,1,'buyers','i:1483068799;','A buyer has been created.','::1','2016-12-29 21:33:19','2016-12-29 21:33:19'),(33,1,'buyers','i:1483068911;','A buyer has been created.','::1','2016-12-29 21:35:11','2016-12-29 21:35:11'),(34,1,'buyers','i:1483068980;','A buyer has been created.','::1','2016-12-29 21:36:20','2016-12-29 21:36:20'),(35,1,'buyers','i:1483073396;','A buyer has been created.','::1','2016-12-29 22:49:56','2016-12-29 22:49:56'),(36,1,'buyers','i:1483073415;','A buyer has been created.','::1','2016-12-29 22:50:15','2016-12-29 22:50:15'),(37,1,'buyers','i:1483073470;','A buyer has been created.','::1','2016-12-29 22:51:10','2016-12-29 22:51:10'),(38,1,'buyers','i:1483073482;','A buyer has been created.','::1','2016-12-29 22:51:22','2016-12-29 22:51:22'),(39,1,'buyers','i:1483073519;','A buyer has been created.','::1','2016-12-29 22:51:59','2016-12-29 22:51:59'),(40,1,'buyers','i:1483073526;','A buyer has been created.','::1','2016-12-29 22:52:06','2016-12-29 22:52:06'),(41,1,'buyers','i:1483073874;','A buyer has been created.','::1','2016-12-29 22:57:54','2016-12-29 22:57:54'),(42,1,'buyers','i:1483073920;','A buyer has been created.','::1','2016-12-29 22:58:40','2016-12-29 22:58:40'),(43,1,'buyers','i:1483073954;','A buyer has been created.','::1','2016-12-29 22:59:14','2016-12-29 22:59:14'),(44,1,'buyers','i:1483073966;','A buyer has been created.','::1','2016-12-29 22:59:26','2016-12-29 22:59:26'),(45,1,'buyers','i:1483074029;','A buyer has been created.','::1','2016-12-29 23:00:29','2016-12-29 23:00:29'),(46,1,'buyers','i:1483074116;','A buyer has been created.','::1','2016-12-29 23:01:57','2016-12-29 23:01:57'),(47,1,'buyers','i:1483074144;','A buyer has been created.','::1','2016-12-29 23:02:24','2016-12-29 23:02:24'),(48,1,'buyers','i:1483074860;','A buyer has been created.','::1','2016-12-29 23:14:20','2016-12-29 23:14:20'),(49,1,'buyers','i:1483074898;','A buyer has been created.','::1','2016-12-29 23:14:58','2016-12-29 23:14:58'),(50,1,'buyers','i:1483075011;','A buyer has been created.','::1','2016-12-29 23:16:52','2016-12-29 23:16:52'),(51,1,'buyers','i:1483075036;','A buyer has been created.','::1','2016-12-29 23:17:16','2016-12-29 23:17:16'),(52,1,'buyers','i:1483075110;','A buyer has been created.','::1','2016-12-29 23:18:30','2016-12-29 23:18:30'),(53,1,'buyers','i:1483075163;','A buyer has been created.','::1','2016-12-29 23:19:23','2016-12-29 23:19:23'),(54,1,'buyers','i:1483075225;','A buyer has been created.','::1','2016-12-29 23:20:26','2016-12-29 23:20:26'),(55,1,'buyers','i:1483075246;','A buyer has been created.','::1','2016-12-29 23:20:46','2016-12-29 23:20:46'),(56,1,'buyers','i:1483075280;','A buyer has been created.','::1','2016-12-29 23:21:20','2016-12-29 23:21:20'),(57,1,'buyers','i:1483075295;','A buyer has been created.','::1','2016-12-29 23:21:35','2016-12-29 23:21:35'),(58,1,'buyers','i:1483075326;','A buyer has been created.','::1','2016-12-29 23:22:06','2016-12-29 23:22:06'),(59,1,'buyers','i:1483075384;','A buyer has been created.','::1','2016-12-29 23:23:04','2016-12-29 23:23:04'),(60,1,'buyers','i:1483075462;','A buyer has been created.','::1','2016-12-29 23:24:22','2016-12-29 23:24:22'),(61,1,'buyers','s:10:\"1483075462\";','Some buyers have been removed from the system.','::1','2016-12-29 23:24:54','2016-12-29 23:24:54'),(62,1,'buyers','i:1483075527;','A buyer has been created.','::1','2016-12-29 23:25:27','2016-12-29 23:25:27'),(63,1,'buyers','i:1483075767;','A buyer has been created.','::1','2016-12-29 23:29:27','2016-12-29 23:29:27'),(64,1,'suppliers','i:1483154275;','A supplier has been created.','::1','2016-12-30 21:17:55','2016-12-30 21:17:55'),(65,1,'suppliers','i:1483154289;','A supplier has been created.','::1','2016-12-30 21:18:09','2016-12-30 21:18:09'),(66,1,'suppliers','i:1483154300;','A supplier has been created.','::1','2016-12-30 21:18:20','2016-12-30 21:18:20'),(67,1,'suppliers','i:1483154307;','A supplier has been created.','::1','2016-12-30 21:18:27','2016-12-30 21:18:27'),(68,1,'suppliers','i:1483154311;','A supplier has been created.','::1','2016-12-30 21:18:31','2016-12-30 21:18:31'),(69,1,'suppliers','i:1483154343;','A supplier has been created.','::1','2016-12-30 21:19:03','2016-12-30 21:19:03'),(70,1,'suppliers','i:1483154453;','A supplier has been created.','::1','2016-12-30 21:20:53','2016-12-30 21:20:53'),(71,1,'suppliers','s:10:\"1483154289\";','Some suppliers have been removed from the system.','::1','2016-12-30 21:20:59','2016-12-30 21:20:59'),(72,1,'suppliers','s:10:\"1483154453\";','Some suppliers have been removed from the system.','::1','2016-12-30 21:21:02','2016-12-30 21:21:02'),(73,1,'suppliers','a:2:{i:0;s:10:\"1483154311\";i:1;s:10:\"1483154275\";}','Some suppliers have been removed from the system.','::1','2016-12-30 21:21:14','2016-12-30 21:21:14'),(74,1,'suppliers','a:3:{i:0;s:10:\"1483154300\";i:1;s:10:\"1483154307\";i:2;s:10:\"1483154343\";}','Some suppliers have been removed from the system.','::1','2016-12-30 21:21:34','2016-12-30 21:21:34'),(75,1,'suppliers','i:1483154519;','A supplier has been created.','::1','2016-12-30 21:21:59','2016-12-30 21:21:59'),(76,1,'suppliers','i:1483154638;','A supplier has been created.','::1','2016-12-30 21:23:58','2016-12-30 21:23:58'),(77,1,'suppliers','i:1483154738;','A supplier has been created.','::1','2016-12-30 21:25:38','2016-12-30 21:25:38'),(78,1,'suppliers','i:1483154757;','A supplier has been created.','::1','2016-12-30 21:25:57','2016-12-30 21:25:57'),(79,1,'buyers','i:1483154872;','A buyer has been created.','::1','2016-12-30 21:27:52','2016-12-30 21:27:52'),(80,1,'buyers','i:1483154925;','A buyer has been created.','::1','2016-12-30 21:28:46','2016-12-30 21:28:46'),(81,1,'buyers','i:1483154942;','A buyer has been created.','::1','2016-12-30 21:29:02','2016-12-30 21:29:02'),(82,1,'suppliers','i:1483154965;','A supplier has been created.','::1','2016-12-30 21:29:25','2016-12-30 21:29:25'),(83,1,'suppliers','s:10:\"1483154965\";','A supplier details has been modified.','::1','2016-12-30 21:29:34','2016-12-30 21:29:34'),(84,1,'suppliers','s:10:\"1483154965\";','A supplier details has been modified.','::1','2016-12-30 21:29:38','2016-12-30 21:29:38'),(85,1,'suppliers','s:10:\"1483154965\";','Some suppliers have been removed from the system.','::1','2016-12-30 21:29:45','2016-12-30 21:29:45'),(86,1,'suppliers','s:10:\"1483154757\";','Some suppliers have been removed from the system.','::1','2016-12-30 21:29:51','2016-12-30 21:29:51'),(87,1,'suppliers','i:1483155732;','A supplier has been created.','::1','2016-12-30 21:42:12','2016-12-30 21:42:12'),(88,1,'buyers','i:1483156757;','A buyer has been created.','::1','2016-12-30 21:59:17','2016-12-30 21:59:17'),(89,1,'buyers','i:1483156773;','A buyer has been created.','::1','2016-12-30 21:59:33','2016-12-30 21:59:33'),(90,1,'suppliers','i:1483156791;','A supplier has been created.','::1','2016-12-30 21:59:52','2016-12-30 21:59:52'),(91,1,'buyers','s:10:\"1483154942\";','A buyer details has been modified.','::1','2016-12-31 07:58:24','2016-12-31 07:58:24'),(92,1,'buyers','s:10:\"1483154942\";','A buyer details has been modified.','::1','2016-12-31 07:58:29','2016-12-31 07:58:29'),(93,1,'buyers','s:10:\"1483154942\";','A buyer details has been modified.','::1','2016-12-31 07:58:35','2016-12-31 07:58:35'),(94,1,'buyers','s:10:\"1483154942\";','A buyer details has been modified.','::1','2016-12-31 08:08:55','2016-12-31 08:08:55'),(95,1,'buyers','s:10:\"1483154942\";','A buyer details has been modified.','::1','2016-12-31 08:09:42','2016-12-31 08:09:42'),(96,1,'buyers','i:1483193637;','A buyer has been created.','::1','2016-12-31 08:13:57','2016-12-31 08:13:57'),(97,1,'buyers','s:10:\"1483193637\";','A buyer details has been modified.','::1','2016-12-31 08:14:07','2016-12-31 08:14:07'),(98,1,'buyers','s:10:\"1483193637\";','A buyer details has been modified.','::1','2016-12-31 08:14:10','2016-12-31 08:14:10'),(99,1,'buyers','s:10:\"1483193637\";','A buyer details has been modified.','::1','2016-12-31 08:15:23','2016-12-31 08:15:23'),(100,1,'buyers','s:10:\"1483193637\";','A buyer details has been modified.','::1','2016-12-31 08:19:12','2016-12-31 08:19:12'),(101,1,'buyers','i:1483194213;','A buyer has been created.','::1','2016-12-31 08:23:33','2016-12-31 08:23:33'),(102,1,'orders','s:10:\"1483194550\";','An order has been created.','::1','2016-12-31 08:29:10','2016-12-31 08:29:10'),(103,1,'orders','s:10:\"1483194550\";','An order has been created.','::1','2016-12-31 08:38:44','2016-12-31 08:38:44'),(104,1,'orders','s:10:\"1483195240\";','An order has been created.','::1','2016-12-31 08:40:40','2016-12-31 08:40:40'),(105,1,'orders','s:10:\"1483195260\";','An order has been created.','::1','2016-12-31 08:41:00','2016-12-31 08:41:00'),(106,1,'orders','s:10:\"1483195275\";','An order has been created.','::1','2016-12-31 08:41:15','2016-12-31 08:41:15'),(107,1,'orders','s:10:\"1483195443\";','An order has been created.','::1','2016-12-31 08:44:03','2016-12-31 08:44:03'),(108,1,'orders','s:10:\"1483195468\";','An order has been created.','::1','2016-12-31 08:44:28','2016-12-31 08:44:28'),(109,1,'orders','s:10:\"1483195546\";','An order has been created.','::1','2016-12-31 08:45:46','2016-12-31 08:45:46'),(110,1,'orders','s:10:\"1483195615\";','An order has been created.','::1','2016-12-31 08:46:55','2016-12-31 08:46:55'),(111,1,'orders','s:10:\"1483195637\";','An order has been created.','::1','2016-12-31 08:47:17','2016-12-31 08:47:17'),(112,1,'orders','s:10:\"1483195666\";','An order has been created.','::1','2016-12-31 08:47:46','2016-12-31 08:47:46'),(113,1,'orders','s:10:\"1483195885\";','An order has been created.','::1','2016-12-31 08:51:25','2016-12-31 08:51:25'),(114,1,'orders','s:10:\"1483195908\";','An order has been created.','::1','2016-12-31 08:51:48','2016-12-31 08:51:48'),(115,1,'orders','s:10:\"1483196000\";','An order has been created.','::1','2016-12-31 08:53:20','2016-12-31 08:53:20'),(116,1,'orders','s:10:\"1483196306\";','An order has been created.','::1','2016-12-31 08:58:26','2016-12-31 08:58:26'),(117,1,'orders','s:10:\"1483196460\";','An order has been created.','::1','2016-12-31 09:01:00','2016-12-31 09:01:00'),(118,1,'orders','s:10:\"1483196666\";','An order has been created.','::1','2016-12-31 09:04:26','2016-12-31 09:04:26'),(119,1,'orders','s:10:\"1483197280\";','An order has been created.','::1','2016-12-31 09:14:40','2016-12-31 09:14:40'),(120,1,'buyers','i:1483197360;','A buyer has been created.','::1','2016-12-31 09:16:00','2016-12-31 09:16:00'),(121,201,'buyers','s:10:\"1483075384\";','A buyer details has been modified.','::1','2016-12-31 09:23:53','2016-12-31 09:23:53'),(122,201,'buyers','s:10:\"1483075384\";','A buyer details has been modified.','::1','2016-12-31 09:24:08','2016-12-31 09:24:08'),(123,1,'orders','s:10:\"1483205542\";','An order has been created.','::1','2016-12-31 11:32:22','2016-12-31 11:32:22'),(124,1,'orders','s:10:\"1483206982\";','An order has been created.','::1','2016-12-31 11:56:22','2016-12-31 11:56:22'),(125,1,'orders','s:10:\"1483207239\";','An order has been created.','::1','2016-12-31 12:00:39','2016-12-31 12:00:39'),(126,1,'orders','s:10:\"1483207308\";','An order has been created.','::1','2016-12-31 12:01:48','2016-12-31 12:01:48'),(127,1,'orders','a:6:{i:0;s:10:\"1483196666\";i:1;s:10:\"1483197280\";i:2;s:10:\"1483205542\";i:3;s:10:\"1483206982\";i:4;s:10:\"1483207239\";i:5;s:10:\"1483207308\";}','','::1','2017-01-09 09:15:01','2017-01-09 09:15:01'),(128,1,'orders','s:10:\"1483975213\";','An order has been created.','::1','2017-01-09 09:20:13','2017-01-09 09:20:13'),(129,1,'orders','s:10:\"1483975291\";','An order has been created.','::1','2017-01-09 09:21:31','2017-01-09 09:21:31'),(130,1,'orders','s:10:\"1483975478\";','An order has been created.','::1','2017-01-09 09:24:38','2017-01-09 09:24:38'),(131,1,'orders','s:10:\"1483975540\";','An order has been created.','::1','2017-01-09 09:25:40','2017-01-09 09:25:40'),(132,1,'orders','s:10:\"1483975617\";','An order has been created.','::1','2017-01-09 09:26:57','2017-01-09 09:26:57'),(133,1,'orders','s:10:\"1483975706\";','An order has been created.','::1','2017-01-09 09:28:26','2017-01-09 09:28:26'),(134,1,'orders','s:10:\"1483975758\";','An order has been created.','::1','2017-01-09 09:29:18','2017-01-09 09:29:18'),(135,1,'orders','s:10:\"1483975796\";','An order has been created.','::1','2017-01-09 09:29:56','2017-01-09 09:29:56'),(136,1,'orders','s:10:\"1483975827\";','An order has been created.','::1','2017-01-09 09:30:28','2017-01-09 09:30:28'),(137,1,'orders','s:10:\"1483975865\";','An order has been created.','::1','2017-01-09 09:31:06','2017-01-09 09:31:06'),(138,1,'orders','s:10:\"1483975900\";','An order has been created.','::1','2017-01-09 09:31:40','2017-01-09 09:31:40'),(139,1,'orders','s:10:\"1483976077\";','An order has been created.','::1','2017-01-09 09:34:37','2017-01-09 09:34:37'),(140,1,'orders','s:10:\"1483976330\";','An order has been created.','::1','2017-01-09 09:38:50','2017-01-09 09:38:50'),(141,1,'orders','s:10:\"1483976677\";','An order has been created.','::1','2017-01-09 09:44:37','2017-01-09 09:44:37'),(142,1,'buyers','i:1483976763;','A buyer has been created.','::1','2017-01-09 09:46:03','2017-01-09 09:46:03'),(143,1,'buyers','a:10:{i:0;s:10:\"1483154942\";i:1;s:10:\"1483154872\";i:2;s:10:\"1483154925\";i:3;s:10:\"1483197360\";i:4;s:10:\"1483193637\";i:5;s:10:\"1483156757\";i:6;s:10:\"1483976763\";i:7;s:10:\"1483075527\";i:8;s:10:\"1483156773\";i:9;s:10:\"1483194213\";}','Some buyers have been removed from the system.','::1','2017-01-09 09:46:12','2017-01-09 09:46:12'),(144,1,'buyers','a:2:{i:0;s:10:\"1483075384\";i:1;s:10:\"1483075767\";}','Some buyers have been removed from the system.','::1','2017-01-09 09:46:23','2017-01-09 09:46:23'),(145,1,'buyers','i:1483976793;','A buyer has been created.','::1','2017-01-09 09:46:33','2017-01-09 09:46:33'),(146,1,'orders','a:10:{i:0;s:10:\"1483975213\";i:1;s:10:\"1483975291\";i:2;s:10:\"1483975478\";i:3;s:10:\"1483975540\";i:4;s:10:\"1483975617\";i:5;s:10:\"1483975706\";i:6;s:10:\"1483975758\";i:7;s:10:\"1483975796\";i:8;s:10:\"1483975827\";i:9;s:10:\"1483975865\";}','','::1','2017-01-09 09:47:26','2017-01-09 09:47:26'),(147,1,'orders','a:4:{i:0;s:10:\"1483975900\";i:1;s:10:\"1483976077\";i:2;s:10:\"1483976330\";i:3;s:10:\"1483976677\";}','','::1','2017-01-09 09:47:34','2017-01-09 09:47:34'),(148,1,'orders','a:4:{i:0;s:10:\"1483975900\";i:1;s:10:\"1483976077\";i:2;s:10:\"1483976330\";i:3;s:10:\"1483976677\";}','','::1','2017-01-09 09:47:41','2017-01-09 09:47:41'),(149,1,'orders','a:4:{i:0;s:10:\"1483975900\";i:1;s:10:\"1483976077\";i:2;s:10:\"1483976330\";i:3;s:10:\"1483976677\";}','','::1','2017-01-09 09:47:48','2017-01-09 09:47:48'),(150,1,'orders','a:4:{i:0;s:10:\"1483975900\";i:1;s:10:\"1483976077\";i:2;s:10:\"1483976330\";i:3;s:10:\"1483976677\";}','','::1','2017-01-09 09:47:58','2017-01-09 09:47:58'),(151,1,'orders','a:4:{i:0;s:10:\"1483975900\";i:1;s:10:\"1483976077\";i:2;s:10:\"1483976330\";i:3;s:10:\"1483976677\";}','','::1','2017-01-09 09:48:03','2017-01-09 09:48:03'),(152,1,'orders','s:10:\"1483976936\";','An order has been created.','::1','2017-01-09 09:48:57','2017-01-09 09:48:57'),(153,1,'orders','s:10:\"1483977051\";','An order has been created.','::1','2017-01-09 09:50:51','2017-01-09 09:50:51'),(154,1,'orders','s:10:\"1483977089\";','An order has been created.','::1','2017-01-09 09:51:29','2017-01-09 09:51:29'),(155,1,'orders','s:10:\"1483977253\";','An order has been created.','::1','2017-01-09 09:54:13','2017-01-09 09:54:13'),(156,1,'orders','a:4:{i:0;s:10:\"1483976936\";i:1;s:10:\"1483977051\";i:2;s:10:\"1483977089\";i:3;s:10:\"1483977253\";}','','::1','2017-01-09 09:54:20','2017-01-09 09:54:20'),(157,1,'orders','s:10:\"1483977350\";','An order has been created.','::1','2017-01-09 09:55:51','2017-01-09 09:55:51'),(158,1,'orders','s:10:\"1483977373\";','An order has been created.','::1','2017-01-09 09:56:13','2017-01-09 09:56:13'),(159,1,'orders','s:10:\"1483977416\";','An order has been created.','::1','2017-01-09 09:56:56','2017-01-09 09:56:56'),(160,1,'orders','s:10:\"1483977473\";','An order has been created.','::1','2017-01-09 09:57:53','2017-01-09 09:57:53'),(161,1,'orders','s:10:\"1483977373\";','','::1','2017-01-09 09:58:02','2017-01-09 09:58:02'),(162,1,'orders','a:2:{i:0;s:10:\"1483977416\";i:1;s:10:\"1483977473\";}','','::1','2017-01-09 09:58:17','2017-01-09 09:58:17'),(163,1,'orders','s:10:\"1483977554\";','An order has been created.','::1','2017-01-09 09:59:14','2017-01-09 09:59:14'),(164,1,'orders','a:2:{i:0;s:10:\"1483977350\";i:1;s:10:\"1483977554\";}','','::1','2017-01-09 09:59:21','2017-01-09 09:59:21'),(165,1,'orders','s:10:\"1483977698\";','An order has been created.','::1','2017-01-09 10:01:38','2017-01-09 10:01:38'),(166,1,'orders','s:10:\"1483977740\";','An order has been created.','::1','2017-01-09 10:02:20','2017-01-09 10:02:20'),(167,1,'orders','s:10:\"1483977829\";','An order has been created.','::1','2017-01-09 10:03:49','2017-01-09 10:03:49'),(168,1,'orders','s:10:\"1483977866\";','An order has been created.','::1','2017-01-09 10:04:26','2017-01-09 10:04:26'),(169,1,'orders','s:10:\"1483977829\";','','::1','2017-01-09 10:04:32','2017-01-09 10:04:32'),(170,1,'orders','a:2:{i:0;s:10:\"1483977698\";i:1;s:10:\"1483977740\";}','','::1','2017-01-09 10:04:39','2017-01-09 10:04:39'),(171,1,'orders','s:10:\"1483977959\";','An order has been created.','::1','2017-01-09 10:05:59','2017-01-09 10:05:59'),(172,1,'orders','s:10:\"1483978021\";','An order has been created.','::1','2017-01-09 10:07:02','2017-01-09 10:07:02'),(173,1,'orders','s:10:\"1483978170\";','An order has been created.','::1','2017-01-09 10:09:30','2017-01-09 10:09:30'),(174,1,'orders','s:10:\"1483978336\";','An order has been created.','::1','2017-01-09 10:12:16','2017-01-09 10:12:16'),(175,1,'orders','s:10:\"1483978414\";','An order has been created.','::1','2017-01-09 10:13:34','2017-01-09 10:13:34'),(176,1,'orders','s:10:\"1483978538\";','An order has been created.','::1','2017-01-09 10:15:38','2017-01-09 10:15:38'),(177,1,'orders','s:10:\"1483978633\";','An order has been created.','::1','2017-01-09 10:17:13','2017-01-09 10:17:13'),(178,1,'orders','s:10:\"1483978740\";','An order has been created.','::1','2017-01-09 10:19:01','2017-01-09 10:19:01'),(179,1,'orders','s:10:\"1483979016\";','An order has been created.','::1','2017-01-09 10:23:36','2017-01-09 10:23:36'),(180,1,'orders','s:10:\"1483979118\";','An order has been created.','::1','2017-01-09 10:25:18','2017-01-09 10:25:18'),(181,1,'orders','s:10:\"1483979261\";','An order has been created.','::1','2017-01-09 10:27:41','2017-01-09 10:27:41'),(182,1,'orders','s:10:\"1483979415\";','An order has been created.','::1','2017-01-09 10:30:15','2017-01-09 10:30:15'),(183,1,'orders','s:10:\"1483979650\";','An order has been created.','::1','2017-01-09 10:34:11','2017-01-09 10:34:11'),(184,1,'orders','s:10:\"1483980565\";','An order has been created.','::1','2017-01-09 10:49:25','2017-01-09 10:49:25'),(185,1,'orders','s:10:\"1483980634\";','An order has been created.','::1','2017-01-09 10:50:34','2017-01-09 10:50:34'),(186,1,'orders','s:10:\"1483980674\";','An order has been created.','::1','2017-01-09 10:51:14','2017-01-09 10:51:14'),(187,1,'orders','s:10:\"1483980768\";','An order has been created.','::1','2017-01-09 10:52:48','2017-01-09 10:52:48'),(188,1,'orders','s:10:\"1483980803\";','An order has been created.','::1','2017-01-09 10:53:23','2017-01-09 10:53:23'),(189,1,'orders','s:10:\"1483980924\";','An order has been created.','::1','2017-01-09 10:55:24','2017-01-09 10:55:24'),(190,1,'orders','s:10:\"1483980947\";','An order has been created.','::1','2017-01-09 10:55:47','2017-01-09 10:55:47'),(191,1,'orders','s:10:\"1483981040\";','An order has been created.','::1','2017-01-09 10:57:20','2017-01-09 10:57:20'),(192,1,'orders','a:10:{i:0;s:10:\"1483977866\";i:1;s:10:\"1483977959\";i:2;s:10:\"1483978021\";i:3;s:10:\"1483978170\";i:4;s:10:\"1483978336\";i:5;s:10:\"1483978414\";i:6;s:10:\"1483978538\";i:7;s:10:\"1483978633\";i:8;s:10:\"1483978740\";i:9;s:10:\"1483979016\";}','','::1','2017-01-09 11:06:49','2017-01-09 11:06:49'),(193,1,'orders','a:10:{i:0;s:10:\"1483979118\";i:1;s:10:\"1483979261\";i:2;s:10:\"1483979415\";i:3;s:10:\"1483979650\";i:4;s:10:\"1483980565\";i:5;s:10:\"1483980634\";i:6;s:10:\"1483980674\";i:7;s:10:\"1483980768\";i:8;s:10:\"1483980803\";i:9;s:10:\"1483980924\";}','','::1','2017-01-09 11:07:18','2017-01-09 11:07:18'),(194,1,'orders','a:2:{i:0;s:10:\"1483980947\";i:1;s:10:\"1483981040\";}','','::1','2017-01-09 11:07:36','2017-01-09 11:07:36'),(195,1,'orders','s:10:\"1483981786\";','An order has been created.','::1','2017-01-09 11:09:46','2017-01-09 11:09:46'),(196,1,'orders','s:10:\"1484019693\";','An order has been created.','::1','2017-01-09 21:41:33','2017-01-09 21:41:33'),(197,1,'orders','s:10:\"1484019716\";','An order has been created.','::1','2017-01-09 21:41:56','2017-01-09 21:41:56'),(198,205,'orders','s:10:\"1484020951\";','An order has been created.','::1','2017-01-09 22:02:31','2017-01-09 22:02:31'),(199,205,'orders','s:10:\"1484020984\";','An order has been created.','::1','2017-01-09 22:03:04','2017-01-09 22:03:04'),(200,1,'employees','a:1:{i:0;s:10:\"1485622967\";}','Some employees have been removed from the system.','::1','2017-01-28 11:02:51','2017-01-28 11:02:51'),(201,1,'employees','s:10:\"1485623282\";','Some employees have been removed from the system.','::1','2017-01-28 11:49:44','2017-01-28 11:49:44'),(202,1,'employees','s:10:\"1485625822\";','Some employees have been removed from the system.','::1','2017-01-28 11:50:35','2017-01-28 11:50:35'),(203,1,'employees','s:10:\"1485623040\";','Some employees have been removed from the system.','::1','2017-01-28 11:54:30','2017-01-28 11:54:30'),(204,1,'employees','s:10:\"1485626224\";','Some employees have been removed from the system.','::1','2017-01-28 11:57:32','2017-01-28 11:57:32'),(205,1,'employees','s:10:\"1485626232\";','Some employees have been removed from the system.','::1','2017-01-28 11:57:47','2017-01-28 11:57:47'),(206,1,'employees','N;','An employee has been removed from the system.','::1','2017-01-28 11:59:01','2017-01-28 11:59:01'),(207,1,'employees','1485626411','An employee has been removed from the system.','::1','2017-01-28 12:00:11','2017-01-28 12:00:11'),(208,1,'employees','1485626479','An employee has been removed from the system.','::1','2017-01-28 12:01:20','2017-01-28 12:01:20'),(209,1,'employees','1485626519','An employee has been removed from the system.','::1','2017-01-28 12:02:00','2017-01-28 12:02:00'),(210,1,'employees','1485626341','An employee information has been updated.','::1','2017-01-28 12:09:09','2017-01-28 12:09:09'),(211,1,'employees','1485626341','An employee information has been updated.','::1','2017-01-28 12:12:11','2017-01-28 12:12:11'),(212,1,'employees','1485626341','An employee password has been updated.','::1','2017-01-28 12:12:39','2017-01-28 12:12:39'),(213,1,'employees','s:10:\"1485626341\";','Some employees have been removed from the system.','::1','2017-01-28 20:34:21','2017-01-28 20:34:21'),(214,1,'employees','1485657276','An employee has been removed from the system.','::1','2017-01-28 20:34:36','2017-01-28 20:34:36'),(215,1,'employees','1485657290','An employee has been removed from the system.','::1','2017-01-28 20:34:50','2017-01-28 20:34:50'),(216,1,'employees','1485657305','An employee has been removed from the system.','::1','2017-01-28 20:35:05','2017-01-28 20:35:05'),(217,1,'employees','a:2:{i:0;s:10:\"1485657290\";i:1;s:10:\"1485626519\";}','Some employees have been removed from the system.','::1','2017-01-28 20:35:16','2017-01-28 20:35:16'),(218,1,'employees','a:2:{i:0;s:10:\"1485657276\";i:1;s:10:\"1485657305\";}','Some employees have been removed from the system.','::1','2017-01-28 20:35:21','2017-01-28 20:35:21'),(219,1,'employees','1485657385','An employee has been removed from the system.','::1','2017-01-28 20:36:25','2017-01-28 20:36:25'),(220,1,'employees','1485657753','An employee has been removed from the system.','::1','2017-01-28 20:42:33','2017-01-28 20:42:33'),(221,1,'employees','1485657897','An employee has been removed from the system.','::1','2017-01-28 20:44:57','2017-01-28 20:44:57'),(222,1485657753,'employees','1485657753','An employee information has been updated.','::1','2017-01-28 20:51:31','2017-01-28 20:51:31'),(223,1485657753,'employees','1485657753','An employee information has been updated.','::1','2017-01-28 20:51:40','2017-01-28 20:51:40'),(224,1,'employees','1485657753','An employee information has been updated.','::1','2017-01-28 21:44:11','2017-01-28 21:44:11'),(225,1,'employees','1485657753','An employee information has been updated.','::1','2017-01-28 21:44:15','2017-01-28 21:44:15'),(226,1,'employees','1485657897','An employee information has been updated.','::1','2017-01-28 21:44:59','2017-01-28 21:44:59'),(227,1,'employees','1485657897','An employee information has been updated.','::1','2017-01-28 21:45:19','2017-01-28 21:45:19'),(228,1,'employees','1485657753','An employee information has been updated.','::1','2017-01-28 21:46:12','2017-01-28 21:46:12'),(229,1,'employees','1485657897','An employee information has been updated.','::1','2017-01-28 21:46:54','2017-01-28 21:46:54'),(230,1,'employees','1485657897','An employee information has been updated.','::1','2017-01-28 21:47:53','2017-01-28 21:47:53'),(231,1,'employees','s:10:\"1485657897\";','An employee has been $status','::1','2017-01-28 21:57:31','2017-01-28 21:57:31'),(232,0,'employees','s:10:\"1485657897\";','An employee has been $status','::1','2017-01-28 21:57:33','2017-01-28 21:57:33'),(233,1,'employees','s:10:\"1485657897\";','An employee has been $status','::1','2017-01-28 21:57:35','2017-01-28 21:57:35'),(234,0,'employees','s:10:\"1485657897\";','An employee has been activated','::1','2017-01-28 21:58:16','2017-01-28 21:58:16'),(235,1,'employees','s:10:\"1485657897\";','An employee has been deactivated','::1','2017-01-28 21:58:22','2017-01-28 21:58:22'),(236,0,'employees','s:10:\"1485657385\";','An employee has been activated','::1','2017-01-28 21:58:37','2017-01-28 21:58:37'),(237,1485657753,'employees','1485657753','An employee information has been updated.','::1','2017-01-28 21:59:26','2017-01-28 21:59:26'),(238,1485657753,'employees','1485657897','An employee information has been updated.','::1','2017-01-28 22:02:23','2017-01-28 22:02:23'),(239,1485657753,'employees','1485657897','An employee information has been updated.','::1','2017-01-28 22:02:46','2017-01-28 22:02:46'),(240,1485657753,'employees','1485657897','An employee information has been updated.','::1','2017-01-28 22:03:08','2017-01-28 22:03:08'),(241,1485657753,'employees','1485657897','An employee information has been updated.','::1','2017-01-28 22:03:14','2017-01-28 22:03:14'),(242,1485657753,'employees','1485657897','An employee information has been updated.','::1','2017-01-28 22:03:43','2017-01-28 22:03:43'),(243,1485657753,'employees','1485657897','An employee information has been updated.','::1','2017-01-28 22:04:25','2017-01-28 22:04:25'),(244,1485657753,'employees','1485657897','An employee information has been updated.','::1','2017-01-28 22:04:46','2017-01-28 22:04:46'),(245,1485657753,'employees','1485657753','An employee information has been updated.','::1','2017-01-28 22:05:00','2017-01-28 22:05:00'),(246,1485657753,'employees','1485623040','An employee information has been updated.','::1','2017-01-28 22:06:51','2017-01-28 22:06:51'),(247,1485657753,'employees','1485657753','An employee information has been updated.','::1','2017-01-28 22:07:09','2017-01-28 22:07:09'),(248,1485657753,'employees','1485657753','An employee information has been updated.','::1','2017-01-28 22:07:23','2017-01-28 22:07:23'),(249,1485657753,'employees','1485657753','An employee information has been updated.','::1','2017-01-28 22:10:24','2017-01-28 22:10:24'),(250,1485657753,'employees','1485657753','An employee information has been updated.','::1','2017-01-28 22:10:33','2017-01-28 22:10:33'),(251,1,'employees','null','An employee information has been updated.','::1','2017-01-28 22:17:37','2017-01-28 22:17:37'),(252,1,'employees','1485657897','An employee information has been updated.','::1','2017-01-28 22:17:51','2017-01-28 22:17:51'),(253,1,'employees','1485657897','An employee information has been updated.','::1','2017-01-28 22:19:38','2017-01-28 22:19:38'),(254,1,'employees','1485657897','An employee information has been updated.','::1','2017-01-28 22:21:51','2017-01-28 22:21:51'),(255,1,'employees','1485657897','An employee information has been updated.','::1','2017-01-28 22:21:55','2017-01-28 22:21:55'),(256,1,'employees','1485657897','An employee information has been updated.','::1','2017-01-28 22:22:06','2017-01-28 22:22:06'),(257,1485657753,'employees','1485657753','An employee information has been updated.','::1','2017-01-28 22:23:42','2017-01-28 22:23:42'),(258,1485657753,'employees','1485657753','An employee information has been updated.','::1','2017-01-28 22:24:18','2017-01-28 22:24:18'),(259,1485657753,'employees','1485657753','An employee information has been updated.','::1','2017-01-28 22:25:59','2017-01-28 22:25:59'),(260,1485657753,'employees','1485657753','An employee information has been updated.','::1','2017-01-28 22:27:06','2017-01-28 22:27:06'),(261,1485657753,'employees','1485657753','An employee information has been updated.','::1','2017-01-28 22:27:52','2017-01-28 22:27:52'),(262,1485657753,'employees','1485657753','An employee information has been updated.','::1','2017-01-28 22:27:55','2017-01-28 22:27:55'),(263,1485657753,'employees','1485657753','An employee information has been updated.','::1','2017-01-28 22:28:17','2017-01-28 22:28:17'),(264,1485657753,'employees','1485657753','An employee information has been updated.','::1','2017-01-28 22:28:49','2017-01-28 22:28:49'),(265,1,'employees','1485657753','An employee information has been updated.','::1','2017-01-28 22:51:48','2017-01-28 22:51:48'),(266,1485657753,'employees','1485657753','An employee information has been updated.','::1','2017-01-28 22:53:06','2017-01-28 22:53:06'),(267,1485657753,'employees','1485657753','An employee information has been updated.','::1','2017-01-28 22:53:12','2017-01-28 22:53:12'),(268,1485657753,'employees','1485657753','An employee information has been updated.','::1','2017-01-28 22:53:18','2017-01-28 22:53:18'),(269,1485657753,'employees','1485657753','An employee information has been updated.','::1','2017-01-28 22:53:22','2017-01-28 22:53:22'),(270,1485657753,'employees','1485657753','An employee information has been updated.','::1','2017-01-28 22:53:29','2017-01-28 22:53:29'),(271,1485657753,'employees','1485657753','An employee information has been updated.','::1','2017-01-28 22:53:34','2017-01-28 22:53:34'),(272,1485657753,'employees','1485657753','An employee information has been updated.','::1','2017-01-28 22:54:40','2017-01-28 22:54:40'),(273,1485657753,'employees','1485657753','An employee information has been updated.','::1','2017-01-28 22:54:43','2017-01-28 22:54:43'),(274,1485657753,'employees','1485657753','An employee information has been updated.','::1','2017-01-28 22:54:45','2017-01-28 22:54:45'),(275,1485657753,'employees','1485657753','An employee information has been updated.','::1','2017-01-28 22:54:47','2017-01-28 22:54:47'),(276,1485657753,'employees','1485657753','An employee password has been updated.','::1','2017-01-28 22:55:01','2017-01-28 22:55:01'),(277,1485657753,'employees','1485657753','An employee information has been updated.','::1','2017-01-28 23:00:32','2017-01-28 23:00:32'),(278,1,'employees','1485657753','An employee information has been updated.','::1','2017-01-28 23:03:52','2017-01-28 23:03:52'),(279,1,'employees','1485657753','An employee password has been updated.','::1','2017-01-28 23:03:59','2017-01-28 23:03:59'),(280,1,'employees','1485657897','An employee information has been updated.','::1','2017-01-29 00:15:12','2017-01-29 00:15:12'),(281,1,'employees','1485657897','An employee information has been updated.','::1','2017-01-29 00:15:14','2017-01-29 00:15:14'),(282,0,'employees','s:10:\"1485657897\";','An employee has been activated','::1','2017-01-29 00:15:46','2017-01-29 00:15:46'),(283,1,'employees','s:10:\"1485657897\";','An employee has been deactivated','::1','2017-01-29 00:15:47','2017-01-29 00:15:47'),(284,0,'employees','s:10:\"1485657897\";','An employee has been activated','::1','2017-01-29 00:15:48','2017-01-29 00:15:48'),(285,1,'employees','s:10:\"1485657897\";','An employee has been deactivated','::1','2017-01-29 00:15:49','2017-01-29 00:15:49'),(286,1,'suppliers','i:1485674982;','A supplier has been created.','::1','2017-01-29 01:29:43','2017-01-29 01:29:43'),(287,1,'suppliers','i:1485675171;','A supplier has been created.','::1','2017-01-29 01:32:51','2017-01-29 01:32:51'),(288,1,'suppliers','i:1485675231;','A supplier has been created.','::1','2017-01-29 01:33:51','2017-01-29 01:33:51'),(289,1,'suppliers','i:1485675271;','A supplier has been created.','::1','2017-01-29 01:34:31','2017-01-29 01:34:31'),(290,1,'suppliers','i:1485675301;','A supplier has been created.','::1','2017-01-29 01:35:01','2017-01-29 01:35:01'),(291,1,'suppliers','i:1485675332;','A supplier has been created.','::1','2017-01-29 01:35:32','2017-01-29 01:35:32'),(292,1,'suppliers','i:1485675340;','A supplier has been created.','::1','2017-01-29 01:35:40','2017-01-29 01:35:40'),(293,1,'suppliers','i:1485675526;','A supplier has been created.','::1','2017-01-29 01:38:46','2017-01-29 01:38:46'),(294,1,'suppliers','i:1485675543;','A supplier has been created.','::1','2017-01-29 01:39:03','2017-01-29 01:39:03'),(295,1,'employees','1485657897','An employee information has been updated.','::1','2017-01-29 01:42:45','2017-01-29 01:42:45'),(296,1,'employees','1485675231','An employee information has been updated.','::1','2017-01-29 01:49:33','2017-01-29 01:49:33'),(297,1,'employees','1485675231','An employee information has been updated.','::1','2017-01-29 01:50:17','2017-01-29 01:50:17'),(298,1,'suppliers','i:1485676499;','A supplier has been created.','::1','2017-01-29 01:55:00','2017-01-29 01:55:00'),(299,1,'employees','1485676499','An employee information has been updated.','::1','2017-01-29 01:56:08','2017-01-29 01:56:08'),(300,1,'employees','1485676499','An employee information has been updated.','::1','2017-01-29 01:56:13','2017-01-29 01:56:13'),(301,1,'employees','1485676499','An employee information has been updated.','::1','2017-01-29 01:56:16','2017-01-29 01:56:16'),(302,1,'employees','1485676499','An employee information has been updated.','::1','2017-01-29 01:56:18','2017-01-29 01:56:18'),(303,1,'employees','1485676499','An employee information has been updated.','::1','2017-01-29 01:56:21','2017-01-29 01:56:21'),(304,1,'employees','1485676499','An employee information has been updated.','::1','2017-01-29 02:24:11','2017-01-29 02:24:11'),(305,1,'employees','1485676499','An employee information has been updated.','::1','2017-01-29 02:24:29','2017-01-29 02:24:29'),(306,1,'employees','1485676499','An employee information has been updated.','::1','2017-01-29 02:24:41','2017-01-29 02:24:41'),(307,1,'employees','undefined','An employee information has been updated.','::1','2017-01-29 02:27:50','2017-01-29 02:27:50'),(308,1,'employees','1485676499','An employee information has been updated.','::1','2017-01-29 02:36:14','2017-01-29 02:36:14'),(309,1,'employees','1485676499','An employee information has been updated.','::1','2017-01-29 02:39:49','2017-01-29 02:39:49'),(310,1,'employees','1485676499','An employee information has been updated.','::1','2017-01-29 02:39:58','2017-01-29 02:39:58'),(311,1,'employees','1485676499','An employee information has been updated.','::1','2017-01-29 02:40:01','2017-01-29 02:40:01'),(312,1,'employees','1485676499','An employee information has been updated.','::1','2017-01-29 02:40:31','2017-01-29 02:40:31');
/*!40000 ALTER TABLE `activities` ENABLE KEYS */;
UNLOCK TABLES;

--
-- Table structure for table `agents`
--

DROP TABLE IF EXISTS `agents`;
/*!40101 SET @saved_cs_client     = @@character_set_client */;
/*!40101 SET character_set_client = utf8 */;
CREATE TABLE `agents` (
  `id` int(10) unsigned NOT NULL AUTO_INCREMENT,
  `agent_name` varchar(255) COLLATE utf8_unicode_ci NOT NULL,
  `created_at` timestamp NULL DEFAULT NULL,
  `updated_at` timestamp NULL DEFAULT NULL,
  PRIMARY KEY (`id`)
) ENGINE=InnoDB DEFAULT CHARSET=utf8 COLLATE=utf8_unicode_ci;
/*!40101 SET character_set_client = @saved_cs_client */;

--
-- Dumping data for table `agents`
--

LOCK TABLES `agents` WRITE;
/*!40000 ALTER TABLE `agents` DISABLE KEYS */;
/*!40000 ALTER TABLE `agents` ENABLE KEYS */;
UNLOCK TABLES;

--
-- Table structure for table `brands`
--

DROP TABLE IF EXISTS `brands`;
/*!40101 SET @saved_cs_client     = @@character_set_client */;
/*!40101 SET character_set_client = utf8 */;
CREATE TABLE `brands` (
  `id` int(10) unsigned NOT NULL AUTO_INCREMENT,
  `brand_name` varchar(255) COLLATE utf8_unicode_ci NOT NULL,
  `created_at` timestamp NULL DEFAULT NULL,
  `updated_at` timestamp NULL DEFAULT NULL,
  PRIMARY KEY (`id`)
) ENGINE=InnoDB DEFAULT CHARSET=utf8 COLLATE=utf8_unicode_ci;
/*!40101 SET character_set_client = @saved_cs_client */;

--
-- Dumping data for table `brands`
--

LOCK TABLES `brands` WRITE;
/*!40000 ALTER TABLE `brands` DISABLE KEYS */;
/*!40000 ALTER TABLE `brands` ENABLE KEYS */;
UNLOCK TABLES;

--
-- Table structure for table `buyers`
--

DROP TABLE IF EXISTS `buyers`;
/*!40101 SET @saved_cs_client     = @@character_set_client */;
/*!40101 SET character_set_client = utf8 */;
CREATE TABLE `buyers` (
  `id` int(10) unsigned NOT NULL AUTO_INCREMENT,
  `buyer_name` varchar(255) COLLATE utf8_unicode_ci NOT NULL,
  `created_at` timestamp NULL DEFAULT NULL,
  `updated_at` timestamp NULL DEFAULT NULL,
  `image` varchar(255) COLLATE utf8_unicode_ci NOT NULL DEFAULT 'no_image.jpg',
  `user_id` int(11) NOT NULL,
  `postal_address` varchar(255) COLLATE utf8_unicode_ci DEFAULT '-',
  `contact_person` varchar(255) COLLATE utf8_unicode_ci DEFAULT '-',
  `email_address` varchar(255) COLLATE utf8_unicode_ci DEFAULT '-',
  `contact_number` varchar(255) COLLATE utf8_unicode_ci DEFAULT '-',
  `website` varchar(255) COLLATE utf8_unicode_ci DEFAULT '-',
  `deleted_at` timestamp NULL DEFAULT NULL,
  PRIMARY KEY (`id`)
) ENGINE=InnoDB AUTO_INCREMENT=1483976794 DEFAULT CHARSET=utf8 COLLATE=utf8_unicode_ci;
/*!40101 SET character_set_client = @saved_cs_client */;

--
-- Dumping data for table `buyers`
--

LOCK TABLES `buyers` WRITE;
/*!40000 ALTER TABLE `buyers` DISABLE KEYS */;
INSERT INTO `buyers` VALUES (1483075384,'frefdsafdsafdfs','2016-12-29 23:23:04','2017-01-09 09:46:23','1483075384.png',1,'','','','','','2017-01-09 09:46:23'),(1483075462,'ttt','2016-12-29 23:24:22','2016-12-29 23:24:54','no_image.jpg',1,'','','','','','2016-12-29 23:24:54'),(1483075527,'65','2016-12-29 23:25:27','2017-01-09 09:46:12','1483075527.jpeg',1,'','','','','','2017-01-09 09:46:12'),(1483075767,'r','2016-12-29 23:29:27','2017-01-09 09:46:23','1483075767.jpeg',1,'','','','','','2017-01-09 09:46:23'),(1483154872,'2','2016-12-30 21:27:52','2017-01-09 09:46:12','1483154872.png',1,'1','2','3','4','55','2017-01-09 09:46:12'),(1483154925,'3','2016-12-30 21:28:45','2017-01-09 09:46:12','no_image.jpg',1,'1','2','3','4','5','2017-01-09 09:46:12'),(1483154942,'11','2016-12-30 21:29:02','2017-01-09 09:46:12','no_image.jpg',1,'null','c222','-','cc','w','2017-01-09 09:46:12'),(1483156757,'444','2016-12-30 21:59:17','2017-01-09 09:46:12','1483156757.png',1,'','','','','','2017-01-09 09:46:12'),(1483156773,'aaa','2016-12-30 21:59:33','2017-01-09 09:46:12','1483156773.png',1,'','','','','','2017-01-09 09:46:12'),(1483193637,'42343','2016-12-31 08:13:57','2017-01-09 09:46:12','no_image.jpg',1,'null','null','N/A','N/A','N/A','2017-01-09 09:46:12'),(1483194213,'aasef','2016-12-31 08:23:33','2017-01-09 09:46:12','no_image.jpg',1,'32','234','-','-','-','2017-01-09 09:46:12'),(1483197360,'333','2016-12-31 09:16:00','2017-01-09 09:46:12','1483197360.png',1,'-','-','-','-','-','2017-01-09 09:46:12'),(1483976763,'444','2017-01-09 09:46:03','2017-01-09 09:46:12','no_image.jpg',1,'-','-','-','-','-','2017-01-09 09:46:12'),(1483976793,'aaa','2017-01-09 09:46:33','2017-01-09 09:46:33','no_image.jpg',1,'-','-','-','-','-',NULL);
/*!40000 ALTER TABLE `buyers` ENABLE KEYS */;
UNLOCK TABLES;

--
-- Table structure for table `buying_orders`
--

DROP TABLE IF EXISTS `buying_orders`;
/*!40101 SET @saved_cs_client     = @@character_set_client */;
/*!40101 SET character_set_client = utf8 */;
CREATE TABLE `buying_orders` (
  `style` varchar(255) COLLATE utf8_unicode_ci NOT NULL,
  `ref` varchar(255) COLLATE utf8_unicode_ci NOT NULL,
  `sketch` varchar(255) COLLATE utf8_unicode_ci NOT NULL,
  `Gauge` varchar(9) COLLATE utf8_unicode_ci NOT NULL,
  `yarn_ref_details` varchar(255) COLLATE utf8_unicode_ci NOT NULL,
  `colors` varchar(255) COLLATE utf8_unicode_ci NOT NULL,
  `pi_date` date NOT NULL,
  `yarn_status` char(1) COLLATE utf8_unicode_ci NOT NULL,
  `contract_weight` varchar(255) COLLATE utf8_unicode_ci NOT NULL,
  `customer` varchar(255) COLLATE utf8_unicode_ci DEFAULT NULL,
  `po` varchar(255) COLLATE utf8_unicode_ci DEFAULT NULL,
  `po_recieved_date` date DEFAULT NULL,
  `qty` int(11) NOT NULL,
  `sizing` varchar(255) COLLATE utf8_unicode_ci NOT NULL,
  `main_label` varchar(255) COLLATE utf8_unicode_ci NOT NULL,
  `hang_tag` varchar(255) COLLATE utf8_unicode_ci NOT NULL,
  `accys_status` varchar(255) COLLATE utf8_unicode_ci DEFAULT NULL,
  `trims_status` varchar(255) COLLATE utf8_unicode_ci DEFAULT NULL,
  `handover_date` date NOT NULL,
  `fit_sample_sent` char(2) COLLATE utf8_unicode_ci DEFAULT NULL,
  `courier_no` varchar(255) COLLATE utf8_unicode_ci DEFAULT NULL,
  `fit_sample_comments` varchar(255) COLLATE utf8_unicode_ci DEFAULT NULL,
  `fg` varchar(255) COLLATE utf8_unicode_ci DEFAULT NULL,
  `production_status_details` varchar(255) COLLATE utf8_unicode_ci DEFAULT NULL,
  `production_condition` varchar(255) COLLATE utf8_unicode_ci DEFAULT NULL,
  `photo_sample` varchar(255) COLLATE utf8_unicode_ci DEFAULT NULL,
  `shipping_sample_required` char(2) COLLATE utf8_unicode_ci DEFAULT NULL,
  `shipping_sample_sent` char(255) COLLATE utf8_unicode_ci DEFAULT NULL,
  `shipping_sent_courier_no` varchar(255) COLLATE utf8_unicode_ci DEFAULT NULL,
  `shipping_sample_comments` varchar(255) COLLATE utf8_unicode_ci DEFAULT NULL,
  `actual_production_weight` double NOT NULL,
  `confirmed_price` double NOT NULL,
  `inspection_date` date DEFAULT NULL,
  `inspection_status` char(255) COLLATE utf8_unicode_ci DEFAULT NULL,
  `handedover_date` date DEFAULT NULL,
  `handedover_qty` int(11) DEFAULT NULL,
  `short_excess` int(11) DEFAULT NULL,
  `value` double NOT NULL,
  `doc_sent_courier_no` varchar(255) COLLATE utf8_unicode_ci DEFAULT NULL,
  `remarks` varchar(255) COLLATE utf8_unicode_ci DEFAULT NULL,
  `merchandiser_id` int(11) NOT NULL,
  `created_at` timestamp NULL DEFAULT NULL,
  `updated_at` timestamp NULL DEFAULT NULL,
  `id` int(10) unsigned NOT NULL AUTO_INCREMENT,
  PRIMARY KEY (`id`)
) ENGINE=InnoDB AUTO_INCREMENT=1485658664 DEFAULT CHARSET=utf8 COLLATE=utf8_unicode_ci;
/*!40101 SET character_set_client = @saved_cs_client */;

--
-- Dumping data for table `buying_orders`
--

LOCK TABLES `buying_orders` WRITE;
/*!40000 ALTER TABLE `buying_orders` DISABLE KEYS */;
INSERT INTO `buying_orders` VALUES ('122','2444','1485226062.jpeg','-1','1','','2017-01-05','','11','','1485531075.jpeg','1970-01-21',1,'1','1','1333','','','2017-01-03','','','','','','','','','','','',0,15,NULL,'',NULL,11,0,0,'','',1,NULL,NULL,1485226062),('2','2','no_image.jpg','2','2','','2017-01-12','','2','','','2017-02-08',2,'2','2','2','','','2017-01-28','','','','','','','','','','','',0,0,'1970-01-01','','2017-01-26',0,0,0,'','',1,NULL,NULL,1485228258),('3','3','1485228546.png','2','2','','2017-01-04','','2','','','2017-03-09',2,'2','2','2','','','2017-01-04','','','','','','','','','','','',0,0,'2017-02-11','','2017-01-28',0,0,0,'','',1,NULL,NULL,1485228546),('4','4','no_image.jpg','4','4','','2017-01-07','','4','1483976793','Yes','2017-01-12',44,'4','4','4','555','55','2017-01-28','Ye','2','5','5555',NULL,'555',NULL,'Ye','No','5','55',55,0,'2017-01-26','5','2017-01-19',22,NULL,0,'55','555',1,NULL,NULL,1485229651),('5','5','no_image.jpg','5','5','','2017-01-05','','5',NULL,NULL,NULL,5,'5','5','5',NULL,NULL,'2017-01-10',NULL,NULL,NULL,NULL,NULL,NULL,NULL,NULL,NULL,NULL,NULL,0,0,NULL,NULL,NULL,NULL,NULL,0,NULL,NULL,1,NULL,NULL,1485230174),('12','2','no_image.jpg','2','2','','2017-01-12','','2',NULL,NULL,'2017-02-10',2,'2','2','2',NULL,NULL,'2017-01-19',NULL,'e',NULL,NULL,NULL,NULL,NULL,NULL,NULL,NULL,NULL,0,0,NULL,NULL,'2017-02-11',NULL,NULL,0,NULL,NULL,1,NULL,NULL,1485279642),('000','1','no_image.jpg','1','1','','2017-01-10','','1',NULL,'Yes',NULL,1,'11','1','1',NULL,NULL,'2017-01-05',NULL,NULL,NULL,NULL,'44',NULL,NULL,NULL,'Yes','22','dddd',0,0,'1970-01-01',NULL,NULL,NULL,NULL,0,NULL,NULL,1,NULL,NULL,1485360139),('1234','3','no_image.jpg','1','1','','2012-12-12','','1',NULL,NULL,'2017-02-01',1,'1','1','1',NULL,NULL,'2012-12-12',NULL,NULL,NULL,NULL,NULL,NULL,NULL,NULL,NULL,NULL,NULL,0,0,NULL,NULL,'2017-01-18',NULL,NULL,0,NULL,NULL,1,'2017-01-24 23:45:07',NULL,1485366307),('45','5','1485523965.png','5','5','','2017-01-20','','5',NULL,NULL,NULL,5,'5','5','5',NULL,NULL,'2017-01-04',NULL,NULL,NULL,NULL,NULL,NULL,NULL,NULL,NULL,NULL,NULL,0,0,NULL,NULL,NULL,NULL,NULL,0,NULL,NULL,1,'2017-01-26 19:32:45',NULL,1485523965),('567','3','1485531321.jpeg','3','3','','2017-01-19','','3',NULL,'1485531350.png',NULL,3,'3','3','3',NULL,NULL,'2017-01-19',NULL,NULL,NULL,NULL,NULL,NULL,NULL,NULL,NULL,NULL,NULL,0,0,NULL,NULL,NULL,NULL,NULL,0,NULL,NULL,1,'2017-01-26 21:35:21',NULL,1485531321),('3434','4','1485531892.png','4','4','','2017-01-24','','4',NULL,'1485532082.jpeg',NULL,4,'4','4','4',NULL,NULL,'2017-01-24',NULL,NULL,NULL,NULL,NULL,NULL,NULL,NULL,NULL,NULL,NULL,0,0,NULL,NULL,NULL,NULL,NULL,0,NULL,NULL,1,'2017-01-26 21:44:52',NULL,1485531892),('new','new','1485658663.jpeg','4','4','','2017-01-20','','4',NULL,NULL,NULL,4,'4','4','4',NULL,NULL,'2017-01-20',NULL,NULL,NULL,NULL,NULL,NULL,NULL,NULL,NULL,NULL,NULL,0,0,NULL,NULL,'2017-01-26',22411,NULL,0,NULL,NULL,1485657753,'2017-01-28 20:57:43',NULL,1485658663);
/*!40000 ALTER TABLE `buying_orders` ENABLE KEYS */;
UNLOCK TABLES;

--
-- Table structure for table `buying_orders_colors`
--

DROP TABLE IF EXISTS `buying_orders_colors`;
/*!40101 SET @saved_cs_client     = @@character_set_client */;
/*!40101 SET character_set_client = utf8 */;
CREATE TABLE `buying_orders_colors` (
  `id` int(10) unsigned NOT NULL AUTO_INCREMENT,
  `created_at` timestamp NULL DEFAULT NULL,
  `updated_at` timestamp NULL DEFAULT NULL,
  `color_name` varchar(10) COLLATE utf8_unicode_ci NOT NULL,
  `color_type` varchar(10) COLLATE utf8_unicode_ci NOT NULL,
  `order_id` varchar(255) COLLATE utf8_unicode_ci NOT NULL,
  `status` char(1) COLLATE utf8_unicode_ci NOT NULL DEFAULT '0',
  PRIMARY KEY (`id`)
) ENGINE=InnoDB AUTO_INCREMENT=26 DEFAULT CHARSET=utf8 COLLATE=utf8_unicode_ci;
/*!40101 SET character_set_client = @saved_cs_client */;

--
-- Dumping data for table `buying_orders_colors`
--

LOCK TABLES `buying_orders_colors` WRITE;
/*!40000 ALTER TABLE `buying_orders_colors` DISABLE KEYS */;
INSERT INTO `buying_orders_colors` VALUES (1,NULL,NULL,'2','','','0'),(2,NULL,NULL,'','','1485226062','0'),(3,NULL,NULL,'aseef','1','1485226062','1'),(4,NULL,NULL,'aseef22','2','1485226062','0'),(5,NULL,NULL,'','','1485226062','0'),(6,NULL,NULL,'','','1485226062','0'),(7,NULL,NULL,'','','1485226062','0'),(8,NULL,NULL,'','','1485226062','0'),(9,NULL,NULL,'cc','','1485226062','0'),(10,NULL,NULL,'rrrrr','2','1485226062','0'),(11,NULL,NULL,'tt','1','1485279642','0'),(12,NULL,NULL,'2','','1485226062','0'),(13,NULL,NULL,'241111','','1485226062','0'),(14,NULL,NULL,'246','','1485226062','0'),(15,NULL,NULL,'333','1','1485230174','0'),(16,NULL,NULL,'333222','2','1485230174','0'),(17,NULL,NULL,'222','1','1485230174','0'),(18,NULL,NULL,'1','1','1485230174','0'),(19,NULL,NULL,'1111','1','1485360139','1'),(20,NULL,NULL,'2333','2','1485360139','2'),(21,NULL,NULL,'3','2','1485360139','2'),(22,NULL,NULL,'3','1','1485658663','0'),(23,NULL,NULL,'oo','1','1485226062','0'),(24,NULL,NULL,'qqq','2','1485226062','0'),(25,NULL,NULL,'44','1','1485226062','0');
/*!40000 ALTER TABLE `buying_orders_colors` ENABLE KEYS */;
UNLOCK TABLES;

--
-- Table structure for table `countries`
--

DROP TABLE IF EXISTS `countries`;
/*!40101 SET @saved_cs_client     = @@character_set_client */;
/*!40101 SET character_set_client = utf8 */;
CREATE TABLE `countries` (
  `id` int(10) unsigned NOT NULL AUTO_INCREMENT,
  `country_name` varchar(255) COLLATE utf8_unicode_ci NOT NULL,
  `country_code` varchar(3) COLLATE utf8_unicode_ci NOT NULL,
  `created_at` timestamp NULL DEFAULT NULL,
  `updated_at` timestamp NULL DEFAULT NULL,
  PRIMARY KEY (`id`)
) ENGINE=InnoDB DEFAULT CHARSET=utf8 COLLATE=utf8_unicode_ci;
/*!40101 SET character_set_client = @saved_cs_client */;

--
-- Dumping data for table `countries`
--

LOCK TABLES `countries` WRITE;
/*!40000 ALTER TABLE `countries` DISABLE KEYS */;
/*!40000 ALTER TABLE `countries` ENABLE KEYS */;
UNLOCK TABLES;

--
-- Table structure for table `departments`
--

DROP TABLE IF EXISTS `departments`;
/*!40101 SET @saved_cs_client     = @@character_set_client */;
/*!40101 SET character_set_client = utf8 */;
CREATE TABLE `departments` (
  `id` int(10) unsigned NOT NULL AUTO_INCREMENT,
  `department_name` varchar(255) COLLATE utf8_unicode_ci NOT NULL,
  `description` text COLLATE utf8_unicode_ci NOT NULL,
  `created_at` timestamp NULL DEFAULT NULL,
  `updated_at` timestamp NULL DEFAULT NULL,
  PRIMARY KEY (`id`)
) ENGINE=InnoDB DEFAULT CHARSET=utf8 COLLATE=utf8_unicode_ci;
/*!40101 SET character_set_client = @saved_cs_client */;

--
-- Dumping data for table `departments`
--

LOCK TABLES `departments` WRITE;
/*!40000 ALTER TABLE `departments` DISABLE KEYS */;
/*!40000 ALTER TABLE `departments` ENABLE KEYS */;
UNLOCK TABLES;

--
-- Table structure for table `designations`
--

DROP TABLE IF EXISTS `designations`;
/*!40101 SET @saved_cs_client     = @@character_set_client */;
/*!40101 SET character_set_client = utf8 */;
CREATE TABLE `designations` (
  `id` int(10) unsigned NOT NULL AUTO_INCREMENT,
  `created_at` timestamp NULL DEFAULT NULL,
  `updated_at` timestamp NULL DEFAULT NULL,
  `designation_name` varchar(255) COLLATE utf8_unicode_ci NOT NULL DEFAULT '',
  `description` text COLLATE utf8_unicode_ci NOT NULL,
  PRIMARY KEY (`id`)
) ENGINE=InnoDB DEFAULT CHARSET=utf8 COLLATE=utf8_unicode_ci;
/*!40101 SET character_set_client = @saved_cs_client */;

--
-- Dumping data for table `designations`
--

LOCK TABLES `designations` WRITE;
/*!40000 ALTER TABLE `designations` DISABLE KEYS */;
/*!40000 ALTER TABLE `designations` ENABLE KEYS */;
UNLOCK TABLES;

--
-- Table structure for table `employees`
--

DROP TABLE IF EXISTS `employees`;
/*!40101 SET @saved_cs_client     = @@character_set_client */;
/*!40101 SET character_set_client = utf8 */;
CREATE TABLE `employees` (
  `id` int(10) unsigned NOT NULL AUTO_INCREMENT,
  `emp_no` int(11) NOT NULL,
  `title` varchar(6) COLLATE utf8_unicode_ci NOT NULL,
  `address_line_1` varchar(255) COLLATE utf8_unicode_ci NOT NULL,
  `address_line_2` varchar(255) COLLATE utf8_unicode_ci NOT NULL,
  `town` varchar(255) COLLATE utf8_unicode_ci NOT NULL,
  `city` varchar(255) COLLATE utf8_unicode_ci NOT NULL,
  `postcode` varchar(255) COLLATE utf8_unicode_ci NOT NULL,
  `dob` date DEFAULT NULL,
  `tel` varchar(255) COLLATE utf8_unicode_ci NOT NULL,
  `mob` varchar(255) COLLATE utf8_unicode_ci NOT NULL,
  `join_date` date DEFAULT NULL,
  `salary` varchar(255) COLLATE utf8_unicode_ci NOT NULL,
  `acc_holder` varchar(255) COLLATE utf8_unicode_ci NOT NULL,
  `acc_no` varchar(255) COLLATE utf8_unicode_ci NOT NULL,
  `branch` varchar(255) COLLATE utf8_unicode_ci NOT NULL,
  `acc_city` varchar(255) COLLATE utf8_unicode_ci NOT NULL,
  `ifsc_code` varchar(255) COLLATE utf8_unicode_ci NOT NULL,
  `dept_head` tinyint(1) NOT NULL,
  `flag` tinyint(1) NOT NULL,
  `supervisor` int(11) NOT NULL,
  `created_at` timestamp NULL DEFAULT NULL,
  `updated_at` timestamp NULL DEFAULT NULL,
  `gender` varchar(6) COLLATE utf8_unicode_ci NOT NULL DEFAULT '',
  `photo` varchar(255) COLLATE utf8_unicode_ci NOT NULL DEFAULT '',
  `deleted_at` timestamp NULL DEFAULT NULL,
  PRIMARY KEY (`id`)
) ENGINE=InnoDB AUTO_INCREMENT=1485657898 DEFAULT CHARSET=utf8 COLLATE=utf8_unicode_ci;
/*!40101 SET character_set_client = @saved_cs_client */;

--
-- Dumping data for table `employees`
--

LOCK TABLES `employees` WRITE;
/*!40000 ALTER TABLE `employees` DISABLE KEYS */;
INSERT INTO `employees` VALUES (1485623040,0,'','','','','','',NULL,'','',NULL,'','','','','','',0,0,0,'2017-01-28 11:04:00','2017-01-28 11:54:29','','1485625608.jpeg','2017-01-28 11:54:29'),(1485623282,0,'','','','','','',NULL,'','',NULL,'','','','','','',0,0,0,'2017-01-28 11:08:03','2017-01-28 11:49:43','','no_image.jpg','2017-01-28 11:49:43'),(1485625822,0,'','','','','','',NULL,'','',NULL,'','','','','','',0,0,0,'2017-01-28 11:50:22','2017-01-28 11:50:35','','no_image.jpg','2017-01-28 11:50:35'),(1485626224,0,'','','','','','',NULL,'','',NULL,'','','','','','',0,0,0,'2017-01-28 11:57:04','2017-01-28 11:57:32','','no_image.jpg','2017-01-28 11:57:32'),(1485626232,0,'','','','','','',NULL,'','',NULL,'','','','','','',0,0,0,'2017-01-28 11:57:12','2017-01-28 11:57:47','','no_image.jpg','2017-01-28 11:57:47'),(1485626341,0,'','','','','','',NULL,'','',NULL,'','','','','','',0,0,0,'2017-01-28 11:59:01','2017-01-28 20:34:21','','no_image.jpg','2017-01-28 20:34:21'),(1485626519,0,'','','','','','',NULL,'','',NULL,'','','','','','',0,0,0,'2017-01-28 12:02:00','2017-01-28 20:35:16','','no_image.jpg','2017-01-28 20:35:16'),(1485657276,0,'','','','','','',NULL,'','',NULL,'','','','','','',0,0,0,'2017-01-28 20:34:36','2017-01-28 20:35:21','','no_image.jpg','2017-01-28 20:35:21'),(1485657290,0,'','','','','','',NULL,'','',NULL,'','','','','','',0,0,0,'2017-01-28 20:34:50','2017-01-28 20:35:16','','no_image.jpg','2017-01-28 20:35:16'),(1485657305,0,'','','','','','',NULL,'','',NULL,'','','','','','',0,0,0,'2017-01-28 20:35:05','2017-01-28 20:35:21','','no_image.jpg','2017-01-28 20:35:21'),(1485657385,0,'','','','','','',NULL,'','',NULL,'','','','','','',0,0,0,'2017-01-28 20:36:25','2017-01-28 20:36:25','','no_image.jpg',NULL),(1485657753,0,'','333','','','','','2017-05-25','','','2017-02-02','12000','1','2','4444','','5',0,0,0,'2017-01-28 20:42:33','2017-01-28 20:42:33','','1485666269.jpeg',NULL),(1485657897,0,'','','','','','',NULL,'','',NULL,'','','','','','11',0,0,0,'2017-01-28 20:44:57','2017-01-28 20:44:57','','no_image.jpg',NULL);
/*!40000 ALTER TABLE `employees` ENABLE KEYS */;
UNLOCK TABLES;

--
-- Table structure for table `migrations`
--

DROP TABLE IF EXISTS `migrations`;
/*!40101 SET @saved_cs_client     = @@character_set_client */;
/*!40101 SET character_set_client = utf8 */;
CREATE TABLE `migrations` (
  `migration` varchar(255) COLLATE utf8_unicode_ci NOT NULL,
  `batch` int(11) NOT NULL
) ENGINE=InnoDB DEFAULT CHARSET=utf8 COLLATE=utf8_unicode_ci;
/*!40101 SET character_set_client = @saved_cs_client */;

--
-- Dumping data for table `migrations`
--

LOCK TABLES `migrations` WRITE;
/*!40000 ALTER TABLE `migrations` DISABLE KEYS */;
INSERT INTO `migrations` VALUES ('2014_10_12_000000_create_users_table',1),('2014_10_12_100000_create_password_resets_table',1),('2016_05_28_181841_alter_table_users_0018',1),('2016_05_30_031841_create_table_employees_0918',1),('2016_05_30_032638_alter_table_users_0926',1),('2016_05_30_034218_create_table_deptartments_0941',1),('2016_05_30_034241_create_table_designations_0941',1),('2016_05_30_072934_alter_table_designations_1302',1),('2016_05_30_134206_alter_table_preferences_1941',1),('2016_05_31_060027_create_table_suppliers',1),('2016_05_31_074533_alter_table_suppliers_1344',1),('2016_05_31_075037_create_table_countries',1),('2016_05_31_082812_create_table_supplier_types',1),('2016_05_31_085413_alter_table_suppliers',1),('2016_06_02_092351_alter_table_employees_1523',1),('2016_06_02_163530_alter_table_employees_2235',1),('2016_06_02_163806_create_table_roles',1),('2016_06_02_164451_alter_table_users_2244',1),('2016_06_02_174918_alter_table_employees_2345',1),('2016_06_02_181624_alter_table_employees_0011',1),('2016_06_02_201305_alter_table_employees_0212',1),('2016_06_03_041054_create_table_orders',1),('2016_06_06_042217_create_table_brands',1),('2016_06_06_042249_create_table_agents',1),('2016_06_06_042304_create_table_buyers',1),('2016_06_06_042338_create_table_styles',1),('2016_06_13_090318_alter_table_orders',1),('2016_06_15_083132_alter_table_orders_001432',1),('2016_07_03_093836_create_requisition_table',1),('2016_07_03_094514_create_table_requisition_type',1),('2016_07_03_095210_create_table_requisition_items',1),('2016_07_03_122638_alter_table_requisitions',1),('2016_07_03_122655_alter_table_requisition_items',1),('2016_07_04_192752_alter_table_requisition_0114',1),('2016_07_04_201432_create_table_notifications',1),('2016_07_05_102316_alter_table_notification_1632',1),('2016_07_05_202938_alter_table_requisitions_0223',1),('2016_07_06_093237_alter_table_orders_1432',1),('2016_11_09_142814_alter_buyers_table_2034',1),('2016_11_20_080331_alter_table_buyers',1),('2016_11_20_084434_alter_table_1332',1),('2016_12_01_030530_alter_table_buyer_0902',1),('2016_12_07_030950_alter_table_style_0202',1),('2016_12_07_031331_alter_table_styles_0923',1),('2016_12_08_131532_alter_table_supplier_types22',1),('2016_12_08_135107_alter_table_supplier_types2222',1),('2016_12_09_033618_alter_table_suppliers44',1),('2016_12_09_034254_alter_table_suppliers44117',1),('2016_12_09_035608_alter_table_suppliers244117',1),('2016_12_10_031804_alter_table_orders_1243',1),('2016_12_11_160306_alter_table_orders213',1),('2016_12_14_060334_alter_table_req_items_324',1),('2016_12_14_065013_alter_table_req_items_3242',1),('2016_12_17_101249_alter_table_orders_214',1),('2016_12_18_045745_alter_table_requisition_items_3245',1),('2016_12_18_050856_alter_table_orders_3523',1),('2016_12_18_065747_create_activities_table',1),('2016_12_22_054609_alter_table_buyers_214',2),('2016_12_27_055458_create_table_report',3),('2016_12_27_061709_alter_table_reports_34532',3),('2016_12_28_111308_alter_table_orders_324',3),('2016_12_28_163508_alter_table_orders_432',4),('2016_12_29_030815_alter_table_orders_532',5),('2016_12_29_075734_alter_table_users',6),('2016_12_29_122032_alter_table_users3',6),('2016_12_31_031645_alter_table_suppliers_455',7),('2016_12_31_040331_alter_table_requisitions_432',8),('2016_12_31_040914_alter_table_requisitions_33432',9),('2016_12_31_041145_alter_table_requisitions_333432',10),('2016_12_31_123732_alter_table_buyers_3424',11),('2016_12_31_142041_alter_table_buyers_42',12),('2016_12_31_142227_alter_table_buyers_342',13),('2016_12_31_143622_alter_table_orders_43243',14),('2017_01_12_051708_alter_table_buying_orders',15),('2017_01_15_093705_alter_table_buying_orders_33',16),('2017_01_15_094533_alter_table_buying_orders_331',16),('2017_01_15_095206_alter_table_buying_orders_1331',16),('2017_01_15_095720_alter_table_buying_orders_21331',16),('2017_01_15_095948_alter_table_buying_orders_211331',16),('2017_01_15_125844_create_table_buying_orders_colors2',16),('2017_01_17_093508_alter_table_buying_orders_2',17),('2017_01_17_111342_alter_table_buying_orders_22',17),('2017_01_17_113310_alter_table_buying_orders_222',17),('2017_01_19_071955_alter_table_employees_333',18),('2017_01_24_033059_alter_table_buying_orders_32',19),('2017_01_24_033640_alter_table_buying_orders_4334',20),('2017_01_24_034414_alter_table_buying_orders_42334',21),('2017_01_24_040617_alter_table_buying_orders_color_412334',22),('2017_01_25_015123_alter_table_buying_colors',23),('2017_01_28_134817_alter_table_employees_334',24),('2017_01_28_174912_alter_table_employees_3334',25),('2017_01_29_073033_alter_table_suppliers_334',26);
/*!40000 ALTER TABLE `migrations` ENABLE KEYS */;
UNLOCK TABLES;

--
-- Table structure for table `notifications`
--

DROP TABLE IF EXISTS `notifications`;
/*!40101 SET @saved_cs_client     = @@character_set_client */;
/*!40101 SET character_set_client = utf8 */;
CREATE TABLE `notifications` (
  `id` int(10) unsigned NOT NULL AUTO_INCREMENT,
  `user_id` int(11) NOT NULL,
  `notification_type` varchar(255) COLLATE utf8_unicode_ci NOT NULL,
  `num_of_notifications` int(11) NOT NULL,
  `description` varchar(255) COLLATE utf8_unicode_ci NOT NULL,
  `landing_url` varchar(255) COLLATE utf8_unicode_ci NOT NULL,
  `clicked` tinyint(1) NOT NULL,
  `created_at` timestamp NULL DEFAULT NULL,
  `updated_at` timestamp NULL DEFAULT NULL,
  `last_sender_id` int(11) NOT NULL,
  `last_sender_profile_pic` varchar(255) COLLATE utf8_unicode_ci NOT NULL,
  PRIMARY KEY (`id`)
) ENGINE=InnoDB DEFAULT CHARSET=utf8 COLLATE=utf8_unicode_ci;
/*!40101 SET character_set_client = @saved_cs_client */;

--
-- Dumping data for table `notifications`
--

LOCK TABLES `notifications` WRITE;
/*!40000 ALTER TABLE `notifications` DISABLE KEYS */;
/*!40000 ALTER TABLE `notifications` ENABLE KEYS */;
UNLOCK TABLES;

--
-- Table structure for table `orders`
--

DROP TABLE IF EXISTS `orders`;
/*!40101 SET @saved_cs_client     = @@character_set_client */;
/*!40101 SET character_set_client = utf8 */;
CREATE TABLE `orders` (
  `id` int(10) unsigned NOT NULL AUTO_INCREMENT,
  `supplier` varchar(255) COLLATE utf8_unicode_ci NOT NULL,
  `style_id` varchar(255) COLLATE utf8_unicode_ci NOT NULL,
  `brand` varchar(255) COLLATE utf8_unicode_ci NOT NULL,
  `photo` varchar(255) COLLATE utf8_unicode_ci NOT NULL,
  `order_date` date NOT NULL,
  `created_at` timestamp NULL DEFAULT NULL,
  `updated_at` timestamp NULL DEFAULT NULL,
  `agent` varchar(255) COLLATE utf8_unicode_ci NOT NULL,
  `buyer_id` varchar(255) COLLATE utf8_unicode_ci NOT NULL,
  `delivery_date` date NOT NULL,
  `gg` tinyint(4) NOT NULL,
  `qty` int(11) NOT NULL,
  `fob` double NOT NULL,
  `weight_per_dzn` double NOT NULL,
  `qty_per_dzn` double NOT NULL,
  `total_yarn_weight` double NOT NULL,
  `total_yarn_cost` double NOT NULL,
  `acc_rate` double NOT NULL,
  `total_acc_cost` double NOT NULL,
  `btn_cost` double NOT NULL,
  `total_btn_cost` double NOT NULL,
  `zipper_cost` double NOT NULL,
  `total_zipper_cost` double NOT NULL,
  `print_cost` double NOT NULL,
  `total_print_cost` double NOT NULL,
  `total_fob` double NOT NULL,
  `total_cost` double NOT NULL,
  `balance_amount` double NOT NULL,
  `cost_of_making` double NOT NULL,
  `compositions` varchar(255) COLLATE utf8_unicode_ci NOT NULL,
  `lc_confirmed` tinyint(4) NOT NULL,
  `lc_doc` varchar(255) COLLATE utf8_unicode_ci NOT NULL,
  `approved_yarn_amount` double NOT NULL,
  `approved_acc_amount` double NOT NULL,
  `approved_btn_amount` double NOT NULL,
  `approved_zipper_amount` double NOT NULL,
  `approved_print_amount` double NOT NULL,
  `user_id` int(11) NOT NULL,
  `security_tag_cost` double NOT NULL,
  `total_security_tag_cost` double NOT NULL,
  `approved_security_tag_cost` double NOT NULL,
  `deleted_at` timestamp NULL DEFAULT NULL,
  `flag` char(1) COLLATE utf8_unicode_ci NOT NULL DEFAULT '1' COMMENT '7=hold, 8=shipped, 9=cancelled,',
  `image` varchar(255) COLLATE utf8_unicode_ci NOT NULL,
  PRIMARY KEY (`id`)
) ENGINE=InnoDB AUTO_INCREMENT=1484020985 DEFAULT CHARSET=utf8 COLLATE=utf8_unicode_ci;
/*!40101 SET character_set_client = @saved_cs_client */;

--
-- Dumping data for table `orders`
--

LOCK TABLES `orders` WRITE;
/*!40000 ALTER TABLE `orders` DISABLE KEYS */;
INSERT INTO `orders` VALUES (1483196666,'','2332','','','2016-12-01','2016-12-31 09:04:26','2017-01-09 09:15:01','','1483075384','2016-12-22',32,3232,3232,3232,269.33,26897.66,80692.99,3,807.99,3,807.99,3,807.99,3,807.99,10445824,84732.94,10361091.06,38469.87,'a:1:{i:0;a:4:{i:0;s:2:\"32\";i:1;s:1:\"3\";i:2;s:1:\"3\";i:3;s:1:\"3\";}}',0,'',0,0,0,0,0,1,3,807.99,0,'2017-01-09 09:15:01','1','no_image.jpg'),(1483197280,'','333','','','2016-12-21','2016-12-31 09:14:40','2017-01-09 09:15:01','','1483075527','2016-12-11',3,33,33,333,2.75,0,0,3,8.25,3,8.25,3,8.25,3,8.25,1089,41.25,1047.75,381,'N;',0,'',0,0,0,0,0,1,3,8.25,0,'2017-01-09 09:15:01','1','1483197280.png'),(1483205542,'','324','','','2016-12-15','2016-12-31 11:32:22','2017-01-09 09:15:01','','1483075767','2016-12-01',44,44,44,44,3.67,4.99,14.97,4,14.68,4,14.68,4,14.68,4,14.68,1936,88.37,1847.63,503.44,'a:1:{i:0;a:4:{i:0;s:1:\"d\";i:1;s:1:\"3\";i:2;s:1:\"3\";i:3;s:1:\"3\";}}',0,'',0,0,0,0,0,1,4,14.68,0,'2017-01-09 09:15:01','1','no_image.jpg'),(1483206982,'','22','','','2016-12-08','2016-12-31 11:56:22','2017-01-09 09:15:01','','1483075527','2016-12-13',3,120,1000,10,10,916.66,9166.63,2,20,2,20,2,20,2,20,120000,9266.63,110733.37,11073.34,'a:1:{i:0;a:4:{i:0;s:1:\"1\";i:1;s:2:\"10\";i:2;s:2:\"10\";i:3;s:2:\"10\";}}',0,'',0,0,0,0,0,1,2,20,0,'2017-01-09 09:15:01','1','no_image.jpg'),(1483207239,'','222','','','2016-12-09','2016-12-31 12:00:39','2017-01-09 09:15:01','','1483154872','2016-12-29',3,333,33,33,27.75,0,0,1,27.75,1,27.75,1,27.75,1,27.75,10989,138.75,10850.25,391,'N;',0,'',0,0,0,0,0,1,1,27.75,0,'2017-01-09 09:15:01','1','no_image.jpg'),(1483207308,'','r435','','','2017-01-06','2016-12-31 12:01:48','2017-01-09 09:15:01','','1483075767','2017-01-16',44,444,44,44,37,744.97,0,4,148,4,148,4,148,4,148,19536,0,0,0,'a:1:{i:0;a:3:{i:0;s:2:\"44\";i:1;s:2:\"44\";i:3;s:1:\"4\";}}',0,'',0,0,0,0,0,1,4,148,0,'2017-01-09 09:15:01','1','no_image.jpg'),(1483975213,'','33223','','','2017-01-17','2017-01-09 09:20:13','2017-01-09 09:47:26','','1483075527','2017-01-29',33,33333,333,3333,2777.75,10369229.64,124430755.68,2,5555.5,3,8333.25,5,13888.75,4,11111,11099889,124480755.18,-113380866.18,-40817.52,'a:1:{i:0;a:4:{i:0;s:2:\"33\";i:1;s:3:\"100\";i:2;s:2:\"12\";i:3;s:2:\"12\";}}',0,'',0,0,0,0,0,1,4,11111,0,'2017-01-09 09:47:26','1','no_image.jpg'),(1483975291,'','232','','','2017-01-24','2017-01-09 09:21:31','2017-01-09 09:47:26','','1483075767','2017-01-15',23,3222,23222,32,268.5,9451.2,94512,2,537,2,537,3,805.5,3,805.5,74821284,98271,74723013,278298,'a:1:{i:0;a:4:{i:0;s:2:\"32\";i:1;s:3:\"100\";i:2;s:2:\"10\";i:3;s:2:\"10\";}}',0,'',0,0,0,0,0,1,4,1074,0,'2017-01-09 09:47:26','1','1483975291.png'),(1483975478,'','332','','','2017-01-17','2017-01-09 09:24:38','2017-01-09 09:47:26','','1483154872','2017-01-16',32,32323232,3223,3232,2693602.67,3820942188.74,126091092228.46,3,8080808.01,3,8080808.01,3,8080808.01,3,8080808.01,104177776736,126131496268.51,-21953719532.51,-8150.32,'a:1:{i:0;a:4:{i:0;s:4:\"3232\";i:1;s:2:\"33\";i:2;s:2:\"33\";i:3;s:2:\"33\";}}',0,'',0,0,0,0,0,1,3,8080808.01,0,'2017-01-09 09:47:26','1','no_image.jpg'),(1483975540,'','332','','','2017-01-24','2017-01-09 09:25:40','2017-01-09 09:47:26','','1483154872','2017-01-30',22,1000,111,111,83.33,1129.38,125361.16,1,83.33,1,83.33,1,83.33,1,83.33,111000,125777.81,-14777.81,-177.34,'a:1:{i:0;a:4:{i:0;s:2:\"11\";i:1;s:2:\"11\";i:2;s:3:\"111\";i:3;s:2:\"11\";}}',0,'',0,0,0,0,0,1,1,83.33,0,'2017-01-09 09:47:26','1','no_image.jpg'),(1483975617,'','32332','','','2017-01-31','2017-01-09 09:26:57','2017-01-09 09:47:26','','1483154872','2017-01-24',3,33,33,33,2.75,39.83,1314.4,3,8.25,3,8.25,3,8.25,3,8.25,1089,1355.65,-266.65,-96.96,'a:1:{i:0;a:4:{i:0;s:1:\"3\";i:1;s:2:\"33\";i:2;s:2:\"33\";i:3;s:2:\"33\";}}',0,'',0,0,0,0,0,1,3,8.25,0,'2017-01-09 09:47:26','1','no_image.jpg'),(1483975706,'','3322','','','2017-01-18','2017-01-09 09:28:26','2017-01-09 09:47:26','','1483075527','2017-01-24',32,3232,333,333,269.33,39363.58,1298998.01,3,807.99,3,807.99,3,807.99,3,807.99,1076256,1303037.96,-226781.96,-842.02,'a:1:{i:0;a:4:{i:0;s:2:\"33\";i:1;s:2:\"33\";i:2;s:2:\"33\";i:3;s:2:\"33\";}}',0,'',0,0,0,0,0,1,3,807.99,0,'2017-01-09 09:47:26','1','no_image.jpg'),(1483975758,'','333','','','2017-01-11','2017-01-09 09:29:18','2017-01-09 09:47:26','','1483075384','2017-01-10',127,333,3333,33,27.75,401.92,13263.45,3,83.25,3,83.25,3,83.25,3,83.25,1109889,13679.7,1096209.3,39503.04,'a:1:{i:0;a:4:{i:0;s:2:\"33\";i:1;s:2:\"33\";i:2;s:2:\"33\";i:3;s:2:\"33\";}}',0,'',0,0,0,0,0,1,3,83.25,0,'2017-01-09 09:47:26','1','no_image.jpg'),(1483975796,'','32','','','2017-01-30','2017-01-09 09:29:56','2017-01-09 09:47:26','','1483075767','2017-01-17',32,32,32,32,2.67,22.93,504.51,2,5.34,2,5.34,2,5.34,2,5.34,1024,531.21,492.79,184.57,'a:1:{i:0;a:4:{i:0;s:2:\"22\";i:1;s:2:\"22\";i:2;s:2:\"22\";i:3;s:2:\"22\";}}',0,'',0,0,0,0,0,1,2,5.34,0,'2017-01-09 09:47:26','1','no_image.jpg'),(1483975827,'','23','','','2017-01-29','2017-01-09 09:30:27','2017-01-09 09:47:26','','1483075527','2017-01-22',23,32,32,32,2.67,0,0,32,85.44,32,85.44,32,85.44,32,85.44,1024,427.2,596.8,223.52,'N;',0,'',0,0,0,0,0,1,32,85.44,0,'2017-01-09 09:47:26','1','no_image.jpg'),(1483975865,'','32','','','2017-01-24','2017-01-09 09:31:05','2017-01-09 09:47:26','','1483075767','2017-01-24',32,32,3232,32,2.67,36.09,1154.88,3,8.01,3,8.01,3,8.01,3,8.01,103424,1194.93,102229.07,38288.04,'a:1:{i:0;a:4:{i:0;s:2:\"32\";i:1;s:2:\"32\";i:2;s:2:\"32\";i:3;s:2:\"32\";}}',0,'',0,0,0,0,0,1,3,8.01,0,'2017-01-09 09:47:26','1','no_image.jpg'),(1483975900,'','wefsadfas','','','2017-01-24','2017-01-09 09:31:40','2017-01-09 09:47:34','','1483075767','2017-01-24',32,32,32,32,2.67,36.09,1154.88,3,8.01,3,8.01,3,8.01,3,8.01,1024,1194.93,-170.93,-64.02,'a:1:{i:0;a:4:{i:0;s:2:\"32\";i:1;s:2:\"32\";i:2;s:2:\"32\";i:3;s:2:\"32\";}}',0,'',0,0,0,0,0,1,3,8.01,0,'2017-01-09 09:47:34','1','no_image.jpg'),(1483976077,'','32','','','2017-01-14','2017-01-09 09:34:37','2017-01-09 09:47:34','','1483075767','2017-01-14',32,332,323,3232,27.67,37775,1208799.85,3,83.01,3,83.01,3,83.01,3,83.01,107236,1209214.9,-1101978.9,-39825.76,'a:1:{i:0;a:4:{i:0;s:2:\"32\";i:1;s:2:\"32\";i:2;s:2:\"32\";i:3;s:2:\"32\";}}',0,'',0,0,0,0,0,1,3,83.01,0,'2017-01-09 09:47:34','1','no_image.jpg'),(1483976330,'','fdsafad','','','2017-01-24','2017-01-09 09:38:50','2017-01-09 09:47:34','','1483154872','2017-01-23',33,32,32,32,2.67,36.09,1154.88,32,85.44,3232,8629.44,32,85.44,32,85.44,1024,10126.08,-9102.08,-3409.02,'a:1:{i:0;a:4:{i:0;s:2:\"32\";i:1;s:2:\"32\";i:2;s:2:\"32\";i:3;s:2:\"32\";}}',0,'',0,0,0,0,0,1,32,85.44,0,'2017-01-09 09:47:34','1','no_image.jpg'),(1483976677,'','32','','','2017-01-18','2017-01-09 09:44:37','2017-01-09 09:47:34','','1483075527','2017-01-16',32,32,32,32,2.67,36.09,1154.88,3,8.01,3,8.01,3,8.01,3,8.01,1024,1194.93,-170.93,-64.02,'a:1:{i:0;a:4:{i:0;s:2:\"32\";i:1;s:2:\"32\";i:2;s:2:\"32\";i:3;s:2:\"32\";}}',0,'',0,0,0,0,0,1,3,8.01,0,'2017-01-09 09:47:34','1','no_image.jpg'),(1483976936,'','efasd','','','2017-01-31','2017-01-09 09:48:56','2017-01-09 09:54:20','','1483976793','2017-01-23',32,32,32,32,2.67,0,0,32,85.44,32,85.44,32,85.44,32,85.44,1024,427.2,596.8,223.52,'N;',0,'',0,0,0,0,0,1,32,85.44,0,'2017-01-09 09:54:20','1','no_image.jpg'),(1483977051,'','32','','','2017-01-20','2017-01-09 09:50:51','2017-01-09 09:54:20','','1483976793','2017-01-23',32,32,32,32,2.67,25.94,830.07,3,8.01,32,85.44,2,5.34,32,85.44,1024,1019.64,4.36,1.63,'a:1:{i:0;a:4:{i:0;s:2:\"32\";i:1;s:2:\"23\";i:2;s:2:\"32\";i:3;s:2:\"32\";}}',0,'',0,0,0,0,0,1,2,5.34,0,'2017-01-09 09:54:20','1','no_image.jpg'),(1483977089,'','fdsa','','','2017-01-26','2017-01-09 09:51:29','2017-01-09 09:54:20','','1483976793','2017-01-23',32,32,32,32,2.67,36.09,830.07,3,8.01,3,8.01,3,8.01,3,8.01,1024,870.12,153.88,57.63,'a:1:{i:0;a:4:{i:0;s:2:\"32\";i:1;s:2:\"32\";i:2;s:2:\"23\";i:3;s:2:\"32\";}}',0,'',0,0,0,0,0,1,3,8.01,0,'2017-01-09 09:54:20','1','no_image.jpg'),(1483977253,'','424322','','','2017-01-23','2017-01-09 09:54:13','2017-01-09 09:54:20','','1483976793','2017-01-23',21,21,21,21,1.75,0,0,21,36.75,21,36.75,21,36.75,21,36.75,441,183.75,257.25,147,'N;',0,'',0,0,0,0,0,1,21,36.75,0,'2017-01-09 09:54:20','1','no_image.jpg'),(1483977350,'','32','','','2017-01-03','2017-01-09 09:55:50','2017-01-09 09:59:20','','1483976793','2017-01-17',32,32,32,32,2.67,36.09,1154.88,3,8.01,3,8.01,3,8.01,3,8.01,1024,1194.93,-170.93,-64.02,'a:1:{i:0;a:4:{i:0;s:2:\"32\";i:1;s:2:\"32\";i:2;s:2:\"32\";i:3;s:2:\"32\";}}',0,'',0,0,0,0,0,1,3,8.01,0,'2017-01-09 09:59:20','1','no_image.jpg'),(1483977373,'','32','','','2017-01-11','2017-01-09 09:56:13','2017-01-09 09:58:02','','1483976793','2017-01-23',32,32,32,32,2.67,0,0,32,85.44,32,85.44,32,85.44,32,85.44,1024,0,0,0,'a:2:{i:0;a:4:{i:0;s:2:\"32\";i:1;s:2:\"32\";i:2;s:2:\"32\";i:3;s:2:\"32\";}i:1;a:4:{i:0;s:2:\"32\";i:1;s:2:\"32\";i:2;s:2:\"32\";i:3;s:2:\"32\";}}',0,'',0,0,0,0,0,1,32,85.44,0,'2017-01-09 09:58:02','1','no_image.jpg'),(1483977416,'','32','','','2017-01-12','2017-01-09 09:56:56','2017-01-09 09:58:17','','1483976793','2017-01-23',32,32323,323,22,2693.58,23324.25,746375.93,32,86194.56,32,86194.56,32,86194.56,32,86194.56,10440329,1177348.73,9262980.27,3438.91,'a:1:{i:0;a:4:{i:0;s:2:\"32\";i:1;s:2:\"32\";i:2;s:2:\"32\";i:3;s:2:\"23\";}}',0,'',0,0,0,0,0,1,32,86194.56,0,'2017-01-09 09:58:17','1','no_image.jpg'),(1483977473,'','fds','','','2017-01-05','2017-01-09 09:57:53','2017-01-09 09:58:17','','1483976793','2017-01-17',32,32,32,23,2.67,16.48,362.61,2,5.34,2,5.34,2,5.34,2,5.34,1024,389.31,634.69,237.71,'a:1:{i:0;a:4:{i:0;s:4:\"3232\";i:1;s:2:\"22\";i:2;s:2:\"22\";i:3;s:2:\"22\";}}',0,'',0,0,0,0,0,1,2,5.34,0,'2017-01-09 09:58:17','1','1483977473.png'),(1483977554,'','32','','','2017-01-11','2017-01-09 09:59:14','2017-01-09 09:59:21','','1483976793','2017-01-24',32,323,22,32,26.92,378.09,12098.75,3,80.76,3,80.76,3,80.76,3,80.76,7106,12502.55,-5396.55,-200.47,'a:1:{i:0;a:4:{i:0;s:2:\"32\";i:1;s:2:\"33\";i:2;s:2:\"32\";i:3;s:2:\"33\";}}',0,'',0,0,0,0,0,1,3,80.76,0,'2017-01-09 09:59:21','1','no_image.jpg'),(1483977698,'','43','','','2017-01-05','2017-01-09 10:01:38','2017-01-09 10:04:39','','1483976793','2017-01-23',43,43,43,43,3.58,94.66,4070.28,32,114.56,32,114.56,32,114.56,32,114.56,1849,4643.08,-2794.08,-780.47,'a:1:{i:0;a:4:{i:0;s:2:\"43\";i:1;s:2:\"43\";i:2;s:2:\"43\";i:3;s:2:\"43\";}}',0,'',0,0,0,0,0,1,32,114.56,0,'2017-01-09 10:04:39','1','no_image.jpg'),(1483977740,'','32','','','2017-01-11','2017-01-09 10:02:20','2017-01-09 10:04:39','','1483976793','2017-01-24',32,32,23,32,2.67,0,0,3,8.01,32,85.44,3,8.01,3,8.01,736,0,0,0,'a:2:{i:0;a:4:{i:0;s:2:\"43\";i:1;s:2:\"43\";i:2;s:2:\"43\";i:3;s:2:\"43\";}i:1;a:4:{i:0;s:2:\"32\";i:1;s:2:\"32\";i:2;s:4:\"3232\";i:3;s:2:\"32\";}}',0,'',0,0,0,0,0,1,3,8.01,0,'2017-01-09 10:04:39','1','1483977740.jpeg'),(1483977829,'','32','','','2017-01-11','2017-01-09 10:03:49','2017-01-09 10:04:32','','1483976793','2017-01-16',32,32,32,32,2.67,36.09,1154.88,3,8.01,3,8.01,3,8.01,3,8.01,1024,1194.93,-170.93,-64.02,'a:1:{i:0;a:4:{i:0;s:2:\"32\";i:1;s:2:\"32\";i:2;s:2:\"32\";i:3;s:2:\"32\";}}',0,'',0,0,0,0,0,1,3,8.01,0,'2017-01-09 10:04:32','1','1483977829.jpeg'),(1483977866,'','32','','','2017-01-18','2017-01-09 10:04:26','2017-01-09 11:06:49','','1483976793','2017-01-23',32,32,32,32,2.67,0,0,3,8.01,3,8.01,3,8.01,3,8.01,1024,0,0,0,'a:2:{i:0;a:4:{i:0;s:2:\"32\";i:1;s:2:\"32\";i:2;s:2:\"32\";i:3;s:2:\"32\";}i:1;a:4:{i:0;s:2:\"32\";i:1;s:4:\"3232\";i:2;s:2:\"32\";i:3;s:2:\"32\";}}',0,'',0,0,0,0,0,1,3,8.01,0,'2017-01-09 11:06:49','1','1483977866.png'),(1483977959,'','32','','','2017-01-06','2017-01-09 10:05:59','2017-01-09 11:06:49','','1483976793','2017-01-31',32,23,32,32,1.92,25.95,830.47,32,61.44,3,5.76,3,5.76,33,63.36,736,972.55,-236.55,-123.2,'a:1:{i:0;a:4:{i:0;s:4:\"3232\";i:1;s:2:\"32\";i:2;s:2:\"32\";i:3;s:2:\"32\";}}',0,'',0,0,0,0,0,1,3,5.76,0,'2017-01-09 11:06:49','1','no_image.jpg'),(1483978021,'','22','','','2017-01-20','2017-01-09 10:07:01','2017-01-09 11:06:49','','1483976793','2017-01-17',22,22,22,22,1.83,10.81,237.73,2,3.66,2,3.66,2,3.66,2,3.66,484,292.63,191.37,104.57,'a:1:{i:0;a:4:{i:0;s:2:\"22\";i:1;s:2:\"22\";i:2;s:2:\"22\";i:3;s:2:\"22\";}}',0,'',0,0,0,0,0,1,22,40.26,0,'2017-01-09 11:06:49','1','no_image.jpg'),(1483978170,'','22','','','2017-01-27','2017-01-09 10:09:30','2017-01-09 11:06:49','','1483976793','2017-01-31',33,33,33,33,2.75,39.83,1314.4,3,8.25,3,8.25,3,8.25,3,8.25,1089,1355.65,-266.65,-96.96,'a:1:{i:0;a:4:{i:0;s:2:\"33\";i:1;s:2:\"33\";i:2;s:2:\"33\";i:3;s:2:\"33\";}}',0,'',0,0,0,0,0,1,3,8.25,0,'2017-01-09 11:06:49','1','no_image.jpg'),(1483978336,'','32','','','2017-01-26','2017-01-09 10:12:16','2017-01-09 11:06:49','','1483976793','2017-01-23',33,33,33,33,2.75,39.83,1314.4,3,8.25,3,8.25,3,8.25,3,8.25,1089,1355.65,-266.65,-96.96,'a:1:{i:0;a:4:{i:0;s:2:\"33\";i:1;s:2:\"33\";i:2;s:2:\"33\";i:3;s:2:\"33\";}}',0,'',0,0,0,0,0,1,3,8.25,0,'2017-01-09 11:06:49','1','no_image.jpg'),(1483978414,'','32','','','2017-01-26','2017-01-09 10:13:34','2017-01-09 11:06:49','','1483976793','2017-01-23',33,33,33,33,2.75,39.83,1314.4,3,8.25,3,8.25,3,8.25,3,8.25,1089,1355.65,-266.65,-96.96,'a:1:{i:0;a:4:{i:0;s:2:\"33\";i:1;s:2:\"33\";i:2;s:2:\"33\";i:3;s:2:\"33\";}}',0,'',0,0,0,0,0,1,3,8.25,0,'2017-01-09 11:06:49','1','no_image.jpg'),(1483978538,'','33','','','2017-01-25','2017-01-09 10:15:38','2017-01-09 11:06:49','','1483976793','2017-01-24',33,3000,12000,12,250,3360,67200,3,750,3,750,4,1000,4,1000,36000000,71950,35928050,143712.2,'a:1:{i:0;a:4:{i:0;s:2:\"22\";i:1;s:3:\"100\";i:2;s:2:\"20\";i:3;s:2:\"12\";}}',0,'',0,0,0,0,0,1,5,1250,0,'2017-01-09 11:06:49','1','no_image.jpg'),(1483978633,'','32','','','2017-01-03','2017-01-09 10:17:13','2017-01-09 11:06:49','','1483976793','2017-01-03',32,32323,32322,32,2693.58,36408.58,1165074.63,3,8080.74,3,8080.74,3,8080.74,3,8080.74,1044744006,1205478.33,1043538527.67,387416.94,'a:1:{i:0;a:4:{i:0;s:2:\"32\";i:1;s:2:\"32\";i:2;s:2:\"32\";i:3;s:2:\"32\";}}',0,'',0,0,0,0,0,1,3,8080.74,0,'2017-01-09 11:06:49','1','no_image.jpg'),(1483978740,'','33','','','2017-01-24','2017-01-09 10:19:00','2017-01-09 11:06:49','','1483976793','2017-01-23',33,3333,3333,33,277.75,9257.41,92574.08,3,833.25,3,833.25,3,833.25,3,833.25,11108889,96740.33,11012148.67,39647.7,'a:1:{i:0;a:4:{i:0;s:2:\"33\";i:1;s:3:\"100\";i:2;s:2:\"10\";i:3;s:1:\"1\";}}',0,'',0,0,0,0,0,1,3,833.25,0,'2017-01-09 11:06:49','1','no_image.jpg'),(1483979016,'','32','','','2017-01-26','2017-01-09 10:23:36','2017-01-09 11:06:49','','1483976793','2017-01-30',32,3233,3333,33,269.42,3022,99726.11,3,808.26,3,808.26,3,808.26,3,808.26,10775589,103767.41,10671821.59,39610.35,'a:1:{i:0;a:4:{i:0;s:2:\"33\";i:1;s:2:\"33\";i:2;s:2:\"33\";i:3;s:1:\"3\";}}',0,'',0,0,0,0,0,1,3,808.26,0,'2017-01-09 11:06:49','1','no_image.jpg'),(1483979118,'','21','','','2017-01-26','2017-01-09 10:25:18','2017-01-09 11:07:18','','1483976793','2017-01-23',21,211212,2112,212,17601,1001510.98,22033241.58,2,35202,2,35202,2,35202,2,35202,446079744,22209251.58,423870492.42,24082.18,'a:1:{i:0;a:4:{i:0;s:2:\"22\";i:1;s:2:\"22\";i:2;s:2:\"22\";i:3;s:2:\"22\";}}',0,'',0,0,0,0,0,1,2,35202,0,'2017-01-09 11:07:18','1','no_image.jpg'),(1483979261,'','32','','','2017-01-25','2017-01-09 10:27:41','2017-01-09 11:07:18','','1483976793','2017-01-22',32,3233,233,323,269.42,36758.37,1176267.89,3,808.26,3,808.26,3,808.26,3,808.26,753289,1180309.19,-427020.19,-1584.96,'a:1:{i:0;a:4:{i:0;s:2:\"32\";i:1;s:2:\"32\";i:2;s:2:\"32\";i:3;s:2:\"32\";}}',0,'',0,0,0,0,0,1,3,808.26,0,'2017-01-09 11:07:18','1','no_image.jpg'),(1483979415,'','32','','','2017-01-26','2017-01-09 10:30:15','2017-01-09 11:07:18','','1483976793','2017-01-23',32,3232,322,32,269.33,3392.27,108552.49,3,807.99,3,807.99,3,807.99,3,807.99,1040704,112592.44,928111.56,3446,'a:1:{i:0;a:4:{i:0;s:2:\"32\";i:1;s:2:\"32\";i:2;s:2:\"32\";i:3;s:2:\"23\";}}',0,'',0,0,0,0,0,1,3,807.99,0,'2017-01-09 11:07:18','1','no_image.jpg'),(1483979650,'','33','','','2017-01-18','2017-01-09 10:34:10','2017-01-09 11:07:18','','1483976793','2017-01-23',33,3333,333,333,277.75,40594.19,1339608.28,3,833.25,3,833.25,3,833.25,3,833.25,1109889,1343774.53,-233885.53,-842.07,'a:1:{i:0;a:4:{i:0;s:3:\"333\";i:1;s:2:\"33\";i:2;s:2:\"33\";i:3;s:2:\"33\";}}',0,'',0,0,0,0,0,1,3,833.25,0,'2017-01-09 11:07:18','1','no_image.jpg'),(1483980565,'','','','','0000-00-00','2017-01-09 10:49:25','2017-01-09 11:07:18','','','0000-00-00',0,0,0,0,0,0,0,0,0,0,0,0,0,0,0,0,0,0,0,'',0,'',0,0,0,0,0,1,0,0,0,'2017-01-09 11:07:18','1',''),(1483980634,'','32','','','2017-01-17','2017-01-09 10:50:34','2017-01-09 11:07:18','','1483976793','2017-01-17',32,32,32,32,2.67,28.16,6533.36,3,8.01,3,8.01,3,8.01,3,8.01,1024,6570.74,-5546.74,-2077.43,'a:1:{i:0;a:4:{i:0;s:2:\"32\";i:1;s:2:\"32\";i:2;s:3:\"232\";i:3;s:1:\"3\";}}',0,'',0,0,0,0,0,1,2,5.34,0,'2017-01-09 11:07:18','1','no_image.jpg'),(1483980674,'','33','','','2017-01-25','2017-01-09 10:51:14','2017-01-09 11:07:18','','1483976793','2017-01-16',33,33,33,33,2.75,39.83,1314.4,33,90.75,33,90.75,3,8.25,33,90.75,1089,1603.15,-514.15,-186.96,'a:2:{i:0;a:4:{i:0;s:2:\"32\";i:1;s:2:\"32\";i:2;s:3:\"232\";i:3;s:1:\"3\";}i:1;a:4:{i:0;s:2:\"33\";i:1;s:2:\"33\";i:2;s:2:\"33\";i:3;s:2:\"33\";}}',0,'',0,0,0,0,0,1,3,8.25,0,'2017-01-09 11:07:18','1',''),(1483980768,'','33','','','2017-01-17','2017-01-09 10:52:48','2017-01-09 11:07:18','','1483976793','2017-01-29',127,3333,3333,33,277.75,3115.44,102809.47,3,833.25,3,833.25,3,833.25,3,833.25,11108889,106975.72,11001913.28,39610.85,'a:1:{i:0;a:4:{i:0;s:2:\"33\";i:1;s:2:\"33\";i:2;s:2:\"33\";i:3;s:1:\"3\";}}',0,'',0,0,0,0,0,1,3,833.25,0,'2017-01-09 11:07:18','1','no_image.jpg'),(1483980803,'','22','','','2017-01-17','2017-01-09 10:53:23','2017-01-09 11:07:18','','1483976793','2017-01-29',22,2222,2222,222,185.17,9224.58,202940.69,2,370.34,2,370.34,2,370.34,2,370.34,4937284,204792.39,4732491.61,25557.55,'a:1:{i:0;a:4:{i:0;s:2:\"22\";i:1;s:2:\"22\";i:2;s:2:\"22\";i:3;s:1:\"2\";}}',0,'',0,0,0,0,0,1,2,370.34,0,'2017-01-09 11:07:18','1',''),(1483980924,'','33','','','2017-01-26','2017-01-09 10:55:24','2017-01-09 11:07:18','','1483976793','2017-01-23',22,2222,222,222,185.17,9224.58,202940.69,2,370.34,2,370.34,2,370.34,2,370.34,493284,204792.39,288491.61,1557.98,'a:1:{i:0;a:4:{i:0;s:2:\"22\";i:1;s:2:\"22\";i:2;s:2:\"22\";i:3;s:1:\"2\";}}',0,'',0,0,0,0,0,1,2,370.34,0,'2017-01-09 11:07:18','1','no_image.jpg'),(1483980947,'','3','','','2017-01-26','2017-01-09 10:55:47','2017-01-09 11:07:36','','1483976793','2017-01-23',33,33333,3333,33,2777.75,31157.19,1028187.22,3,8333.25,3,8333.25,3,8333.25,3,8333.25,111098889,1069853.47,110029035.53,39610.85,'a:1:{i:0;a:4:{i:0;s:2:\"33\";i:1;s:2:\"33\";i:2;s:2:\"33\";i:3;s:1:\"3\";}}',0,'',0,0,0,0,0,1,3,8333.25,0,'2017-01-09 11:07:36','1','no_image.jpg'),(1483981040,'','32222','','','2017-01-26','2017-01-09 10:57:20','2017-01-09 11:07:36','','1483976793','2017-01-23',127,3333,3333,33,277.75,0,0,3,833.25,3,833.25,3,833.25,3,833.25,11108889,4166.25,11104722.75,39981,'s:4:\"null\";',0,'',0,0,0,0,0,1,3,833.25,0,'2017-01-09 11:07:36','1','1483981040.png'),(1483981786,'','33','','','2017-01-03','2017-01-09 11:09:46','2017-01-09 11:09:46','','1483976793','2017-01-09',33,333,3333,33,27.75,401.92,13263.45,4,111,4,111,4,111,4,111,1109889,13846.2,1096042.8,39497.04,'a:1:{i:0;a:4:{i:0;s:2:\"33\";i:1;s:2:\"33\";i:2;s:2:\"33\";i:3;s:2:\"33\";}}',0,'',0,0,0,0,0,1,5,138.75,0,NULL,'1','no_image.jpg'),(1484019693,'','xdfsadf','','','2017-01-19','2017-01-09 21:41:33','2017-01-09 21:41:33','','1483976793','2017-01-24',33,3333,333,333,277.75,40594.19,1339608.28,3,833.25,3,833.25,3,833.25,3,833.25,1109889,1343774.53,-233885.53,-842.07,'a:1:{i:0;a:4:{i:0;s:2:\"33\";i:1;s:2:\"33\";i:2;s:2:\"33\";i:3;s:2:\"33\";}}',0,'',0,0,0,0,0,5,3,833.25,0,NULL,'1','no_image.jpg'),(1484019716,'','ra','','','2017-01-19','2017-01-09 21:41:56','2017-01-09 21:41:56','','1483976793','2017-01-24',44,44444,444,444,3703.67,752490.93,33109600.92,4,14814.68,4,14814.68,4,14814.68,4,14814.68,19733136,33183674.32,-13450538.32,-3631.68,'a:1:{i:0;a:4:{i:0;s:2:\"44\";i:1;s:2:\"44\";i:2;s:2:\"44\";i:3;s:1:\"4\";}}',0,'',0,0,0,0,0,1,4,14814.68,0,NULL,'1','no_image.jpg'),(1484020951,'','4444','','','2017-01-09','2017-01-09 22:02:31','2017-01-09 22:02:31','','1483976793','2017-01-09',33,3333,333,333,277.75,31437.61,1037441,3,833.25,3,833.25,3,833.25,3,833.25,1109889,1041607.25,68281.75,245.84,'a:1:{i:0;a:4:{i:0;s:2:\"33\";i:1;s:2:\"33\";i:2;s:2:\"33\";i:3;s:1:\"3\";}}',0,'',0,0,0,0,0,205,3,833.25,0,NULL,'1','no_image.jpg'),(1484020984,'','4','','','2017-01-24','2017-01-09 22:03:04','2017-01-09 22:03:04','','1483976793','2017-01-09',3,3333,333,3333,277.75,314659.28,10383756.27,3,833.25,3,833.25,3,833.25,3,833.25,1109889,10387922.52,-9278033.52,-33404.26,'a:1:{i:0;a:4:{i:0;s:1:\"3\";i:1;s:2:\"33\";i:2;s:2:\"33\";i:3;s:1:\"3\";}}',0,'',0,0,0,0,0,205,3,833.25,0,NULL,'1','no_image.jpg');
/*!40000 ALTER TABLE `orders` ENABLE KEYS */;
UNLOCK TABLES;

--
-- Table structure for table `password_resets`
--

DROP TABLE IF EXISTS `password_resets`;
/*!40101 SET @saved_cs_client     = @@character_set_client */;
/*!40101 SET character_set_client = utf8 */;
CREATE TABLE `password_resets` (
  `email` varchar(255) COLLATE utf8_unicode_ci NOT NULL,
  `token` varchar(255) COLLATE utf8_unicode_ci NOT NULL,
  `created_at` timestamp NOT NULL DEFAULT CURRENT_TIMESTAMP ON UPDATE CURRENT_TIMESTAMP,
  KEY `password_resets_email_index` (`email`),
  KEY `password_resets_token_index` (`token`)
) ENGINE=InnoDB DEFAULT CHARSET=utf8 COLLATE=utf8_unicode_ci;
/*!40101 SET character_set_client = @saved_cs_client */;

--
-- Dumping data for table `password_resets`
--

LOCK TABLES `password_resets` WRITE;
/*!40000 ALTER TABLE `password_resets` DISABLE KEYS */;
/*!40000 ALTER TABLE `password_resets` ENABLE KEYS */;
UNLOCK TABLES;

--
-- Table structure for table `reports`
--

DROP TABLE IF EXISTS `reports`;
/*!40101 SET @saved_cs_client     = @@character_set_client */;
/*!40101 SET character_set_client = utf8 */;
CREATE TABLE `reports` (
  `id` int(10) unsigned NOT NULL AUTO_INCREMENT,
  `report_name` varchar(255) COLLATE utf8_unicode_ci NOT NULL,
  `report_criteria` text COLLATE utf8_unicode_ci NOT NULL,
  `result` text COLLATE utf8_unicode_ci NOT NULL,
  `created_at` timestamp NULL DEFAULT NULL,
  `updated_at` timestamp NULL DEFAULT NULL,
  `report_type` varchar(255) COLLATE utf8_unicode_ci NOT NULL,
  PRIMARY KEY (`id`)
) ENGINE=InnoDB DEFAULT CHARSET=utf8 COLLATE=utf8_unicode_ci;
/*!40101 SET character_set_client = @saved_cs_client */;

--
-- Dumping data for table `reports`
--

LOCK TABLES `reports` WRITE;
/*!40000 ALTER TABLE `reports` DISABLE KEYS */;
/*!40000 ALTER TABLE `reports` ENABLE KEYS */;
UNLOCK TABLES;

--
-- Table structure for table `requisition_items`
--

DROP TABLE IF EXISTS `requisition_items`;
/*!40101 SET @saved_cs_client     = @@character_set_client */;
/*!40101 SET character_set_client = utf8 */;
CREATE TABLE `requisition_items` (
  `id` int(10) unsigned NOT NULL AUTO_INCREMENT,
  `items_val` varchar(255) COLLATE utf8_unicode_ci NOT NULL,
  `requisition_id` int(11) NOT NULL,
  `created_at` timestamp NULL DEFAULT NULL,
  `updated_at` timestamp NULL DEFAULT NULL,
  `flag` tinyint(1) NOT NULL,
  `item_name` varchar(255) COLLATE utf8_unicode_ci NOT NULL,
  `user_id` int(11) NOT NULL,
  `requisition_type` varchar(255) COLLATE utf8_unicode_ci NOT NULL,
  `reference` varchar(255) COLLATE utf8_unicode_ci NOT NULL,
  `requested_amount` double NOT NULL,
  `approved_amount` double NOT NULL,
  PRIMARY KEY (`id`)
) ENGINE=InnoDB AUTO_INCREMENT=89 DEFAULT CHARSET=utf8 COLLATE=utf8_unicode_ci;
/*!40101 SET character_set_client = @saved_cs_client */;

--
-- Dumping data for table `requisition_items`
--

LOCK TABLES `requisition_items` WRITE;
/*!40000 ALTER TABLE `requisition_items` DISABLE KEYS */;
INSERT INTO `requisition_items` VALUES (3,'4',0,NULL,NULL,0,'Print',5,'Order','1222338885',0,0),(6,'1',3,NULL,'2016-12-30 00:12:36',2,'Accessories',1,'Order','1222338885',0,15),(9,'3',3,NULL,'2016-12-30 00:12:37',2,'Zipper',1,'Order','1222338885',0,25),(11,'1',4,NULL,'2016-12-30 00:14:05',2,'Accessories',1,'Order','1222338885',0,1),(12,'2',4,NULL,'2016-12-30 00:14:05',2,'Button',1,'Order','1222338885',0,1),(13,'4',4,NULL,'2016-12-30 00:14:05',2,'Print',1,'Order','1222338885',0,1),(14,'3',4,NULL,'2016-12-30 00:14:05',2,'Zipper',1,'Order','1222338885',0,1),(15,'4',5,NULL,'2016-12-30 00:23:43',2,'Security Tag',1,'Order','1222338885',0,3),(16,'1',5,NULL,'2016-12-30 00:23:43',2,'Accessories',1,'Order','1222338885',0,1),(17,'2',5,NULL,'2016-12-30 00:23:43',2,'Button',1,'Order','1222338885',0,2),(26,'40',6,NULL,'2016-12-30 00:25:44',2,'Accessories',1,'Order','1222338885',0,10),(27,'40',6,NULL,'2016-12-30 00:25:44',2,'Button',1,'Order','1222338885',0,20),(28,'44',6,NULL,'2016-12-30 00:25:44',2,'Print',1,'Order','1222338885',0,15),(29,'30',6,NULL,'2016-12-30 00:25:44',2,'Zipper',1,'Order','1222338885',0,5),(42,'40',7,NULL,'2016-12-30 00:33:46',1,'Button',1,'Order','1222338885',0,0),(43,'44',7,NULL,'2016-12-30 00:33:46',1,'Print',1,'Order','1222338885',0,0),(44,'30',7,NULL,'2016-12-30 00:33:46',1,'Zipper',1,'Order','1222338885',0,0),(45,'4',8,NULL,'2016-12-30 00:46:30',1,'Security Tag',1,'Order','1222338885',0,0),(46,'40',8,NULL,'2016-12-30 00:46:30',1,'Accessories',1,'Order','1222338885',0,0),(47,'40',9,NULL,'2016-12-30 21:52:12',1,'Button',1,'Order','1222338885',0,0),(48,'44',11,NULL,'2016-12-30 22:02:36',1,'Print',1,'Order','1222338885',0,0),(49,'30',11,NULL,'2016-12-30 22:02:36',1,'Zipper',1,'Order','1222338885',0,0),(50,'4',12,NULL,'2016-12-30 22:05:53',1,'Security Tag',1,'Order','1222338885',0,0),(51,'2',13,NULL,'2016-12-30 22:10:02',1,'Accessories',1,'Order','1222338885',0,0),(52,'2',1483157786,NULL,'2016-12-30 22:16:26',1,'Button',1,'Order','1222338885',0,0),(53,'3',1483157786,NULL,'2016-12-30 22:16:26',1,'Print',1,'Order','1222338885',0,0),(54,'2',1483157786,NULL,'2016-12-30 22:16:26',1,'Zipper',1,'Order','1222338885',0,0),(55,'4',1483158132,NULL,'2016-12-30 22:22:12',1,'Security Tag',1,'Order','1222338885',0,0),(56,'10',1483157919,NULL,'2016-12-30 22:18:39',1,'Accessories',1,'Order','1222338885',0,0),(57,'22',1483157919,NULL,'2016-12-30 22:18:39',1,'Button',1,'Order','1222338885',0,0),(58,'32',1483159764,NULL,'2016-12-30 22:49:24',1,'Print',1,'Order','1222338885',0,0),(59,'4',1483159850,NULL,'2016-12-30 22:50:50',1,'Zipper',1,'Order','1222338885',0,0),(60,'40',1483157919,NULL,'2016-12-30 22:18:39',1,'Security Tag',1,'Order','1222338885',0,0),(61,'12',0,NULL,NULL,0,'Accessories',1,'Order','1483981786',0,0),(62,'12',0,NULL,NULL,0,'Button',1,'Order','1483981786',0,0),(63,'12',0,NULL,NULL,0,'Print',1,'Order','1483981786',0,0),(64,'12',0,NULL,NULL,0,'Zipper',1,'Order','1483981786',0,0),(65,'22',0,NULL,NULL,0,'Accessories',1,'Order','1483981786',0,0),(66,'11',0,NULL,NULL,0,'Accessories',1,'Order','1483981786',0,0),(67,'7',0,NULL,NULL,0,'Accessories',1,'Order','1483981786',0,0),(68,'10',0,NULL,NULL,0,'Accessories',1,'Order','1483981786',0,0),(69,'22',0,NULL,NULL,0,'Accessories',1,'Order','1483981786',0,0),(70,'22',0,NULL,NULL,0,'Accessories',1,'Order','1483981786',0,0),(71,'11',0,NULL,NULL,0,'Accessories',1,'Order','1483981786',0,0),(72,'1',0,NULL,NULL,0,'Accessories',1,'Order','1483981786',0,0),(73,'2',0,NULL,NULL,0,'Button',1,'Order','1483981786',0,0),(74,'4',0,NULL,NULL,0,'Print',1,'Order','1483981786',0,0),(75,'3',0,NULL,NULL,0,'Zipper',1,'Order','1483981786',0,0),(76,'6',0,NULL,NULL,0,'Security Tag',1,'Order','1483981786',0,0),(77,'11',0,NULL,NULL,0,'Composition: 33',1,'Order','1483981786',0,0),(78,'22',0,NULL,NULL,0,'Accessories',1,'Order','1483981786',0,0),(79,'33',0,NULL,NULL,0,'Button',1,'Order','1483981786',0,0),(80,'55',0,NULL,NULL,0,'Print',1,'Order','1483981786',0,0),(81,'44',0,NULL,NULL,0,'Zipper',1,'Order','1483981786',0,0),(82,'66',0,NULL,NULL,0,'Security Tag',1,'Order','1483981786',0,0),(83,'11',0,NULL,NULL,0,'Composition: 33',1,'Order','1483981786',0,0),(84,'11',0,NULL,NULL,0,'Accessories',1,'Order','1483981786',0,0),(85,'11',0,NULL,NULL,0,'Button',1,'Order','1483981786',0,0),(86,'11',0,NULL,NULL,0,'Print',1,'Order','1483981786',0,0),(87,'11',0,NULL,NULL,0,'Zipper',1,'Order','1483981786',0,0),(88,'11',0,NULL,NULL,0,'Security Tag',1,'Order','1483981786',0,0);
/*!40000 ALTER TABLE `requisition_items` ENABLE KEYS */;
UNLOCK TABLES;

--
-- Table structure for table `requisition_types`
--

DROP TABLE IF EXISTS `requisition_types`;
/*!40101 SET @saved_cs_client     = @@character_set_client */;
/*!40101 SET character_set_client = utf8 */;
CREATE TABLE `requisition_types` (
  `id` int(10) unsigned NOT NULL AUTO_INCREMENT,
  `type` varchar(255) COLLATE utf8_unicode_ci NOT NULL,
  `created_at` timestamp NULL DEFAULT NULL,
  `updated_at` timestamp NULL DEFAULT NULL,
  PRIMARY KEY (`id`)
) ENGINE=InnoDB DEFAULT CHARSET=utf8 COLLATE=utf8_unicode_ci;
/*!40101 SET character_set_client = @saved_cs_client */;

--
-- Dumping data for table `requisition_types`
--

LOCK TABLES `requisition_types` WRITE;
/*!40000 ALTER TABLE `requisition_types` DISABLE KEYS */;
/*!40000 ALTER TABLE `requisition_types` ENABLE KEYS */;
UNLOCK TABLES;

--
-- Table structure for table `requisitions`
--

DROP TABLE IF EXISTS `requisitions`;
/*!40101 SET @saved_cs_client     = @@character_set_client */;
/*!40101 SET character_set_client = utf8 */;
CREATE TABLE `requisitions` (
  `id` int(10) unsigned NOT NULL AUTO_INCREMENT,
  `name` varchar(255) COLLATE utf8_unicode_ci NOT NULL,
  `requisition_type` varchar(255) COLLATE utf8_unicode_ci NOT NULL,
  `created_by` int(11) NOT NULL,
  `created_at` timestamp NULL DEFAULT NULL,
  `updated_at` timestamp NULL DEFAULT NULL,
  `flag` tinyint(1) NOT NULL,
  `forwarded_to` int(11) NOT NULL,
  `sender_id` int(11) NOT NULL,
  `requested_amount` double NOT NULL,
  `approved_amount` double NOT NULL,
  `supplier_id` int(11) NOT NULL,
  `attachment` varchar(255) COLLATE utf8_unicode_ci NOT NULL,
  PRIMARY KEY (`id`)
) ENGINE=InnoDB AUTO_INCREMENT=1483159851 DEFAULT CHARSET=utf8 COLLATE=utf8_unicode_ci;
/*!40101 SET character_set_client = @saved_cs_client */;

--
-- Dumping data for table `requisitions`
--

LOCK TABLES `requisitions` WRITE;
/*!40000 ALTER TABLE `requisitions` DISABLE KEYS */;
INSERT INTO `requisitions` VALUES (1,'fsad','',14,'2016-12-21 12:14:05','2016-12-21 19:37:50',1,1,0,10,10,0,''),(2,'dd','',1,'2016-12-29 11:03:13','2016-12-29 11:03:13',1,1,0,10,0,0,''),(3,'1223','',1,'2016-12-30 00:07:35','2016-12-30 00:12:37',2,1,0,10,40,0,''),(4,'111','',1,'2016-12-30 00:13:37','2016-12-30 00:14:05',2,1,0,10,4,0,''),(5,'5','',1,'2016-12-30 00:14:41','2016-12-30 00:23:43',2,1,0,7,6,0,''),(6,'77','',1,'2016-12-30 00:25:10','2016-12-30 00:25:44',2,1,0,154,50,0,''),(7,'4','',1,'2016-12-30 00:33:46','2016-12-30 00:33:46',1,1,0,114,0,0,''),(8,'777','',1,'2016-12-30 00:46:30','2016-12-30 00:46:30',1,3,0,44,0,0,''),(9,'d','',1,'2016-12-30 21:52:12','2016-12-30 21:52:12',1,25,0,40,0,0,''),(10,'d','',1,'2016-12-30 22:01:55','2016-12-30 22:01:55',1,5,0,44,0,0,''),(11,'d','',1,'2016-12-30 22:02:36','2016-12-30 22:02:36',1,5,0,30,0,0,''),(12,'d','',1,'2016-12-30 22:05:53','2016-12-30 22:05:53',1,25,0,4,0,0,''),(13,'2332','',1,'2016-12-30 22:10:02','2016-12-30 22:10:02',1,4,0,2,0,1483154738,''),(1483157786,'tttt','',1,'2016-12-30 22:16:26','2016-12-30 22:16:26',1,2,0,7,0,1483154638,''),(1483157919,'y','',14,'2016-12-30 22:18:39','2016-12-30 22:18:39',1,1,0,72,0,1483154638,'1483157919.png'),(1483158132,'fafd','',1,'2016-12-30 22:22:12','2016-12-30 22:22:12',1,3,0,4,0,1483154738,'1483158132.jpeg'),(1483159764,'555','',1,'2016-12-30 22:49:24','2016-12-30 22:49:24',1,4,0,32,0,1483154738,'no_image.jpg'),(1483159850,'www','',1,'2016-12-30 22:50:50','2016-12-30 22:50:50',1,1,0,4,0,1483155732,'no_image.jpg');
/*!40000 ALTER TABLE `requisitions` ENABLE KEYS */;
UNLOCK TABLES;

--
-- Table structure for table `roles`
--

DROP TABLE IF EXISTS `roles`;
/*!40101 SET @saved_cs_client     = @@character_set_client */;
/*!40101 SET character_set_client = utf8 */;
CREATE TABLE `roles` (
  `id` int(10) unsigned NOT NULL AUTO_INCREMENT,
  `roles` varchar(255) COLLATE utf8_unicode_ci NOT NULL,
  `created_at` timestamp NULL DEFAULT NULL,
  `updated_at` timestamp NULL DEFAULT NULL,
  PRIMARY KEY (`id`)
) ENGINE=InnoDB DEFAULT CHARSET=utf8 COLLATE=utf8_unicode_ci;
/*!40101 SET character_set_client = @saved_cs_client */;

--
-- Dumping data for table `roles`
--

LOCK TABLES `roles` WRITE;
/*!40000 ALTER TABLE `roles` DISABLE KEYS */;
/*!40000 ALTER TABLE `roles` ENABLE KEYS */;
UNLOCK TABLES;

--
-- Table structure for table `styles`
--

DROP TABLE IF EXISTS `styles`;
/*!40101 SET @saved_cs_client     = @@character_set_client */;
/*!40101 SET character_set_client = utf8 */;
CREATE TABLE `styles` (
  `id` int(10) unsigned NOT NULL AUTO_INCREMENT,
  `style_name` varchar(255) COLLATE utf8_unicode_ci NOT NULL,
  `created_at` timestamp NULL DEFAULT NULL,
  `updated_at` timestamp NULL DEFAULT NULL,
  `user_id` int(11) NOT NULL,
  `image` varchar(255) COLLATE utf8_unicode_ci NOT NULL,
  PRIMARY KEY (`id`)
) ENGINE=InnoDB AUTO_INCREMENT=2 DEFAULT CHARSET=utf8 COLLATE=utf8_unicode_ci;
/*!40101 SET character_set_client = @saved_cs_client */;

--
-- Dumping data for table `styles`
--

LOCK TABLES `styles` WRITE;
/*!40000 ALTER TABLE `styles` DISABLE KEYS */;
INSERT INTO `styles` VALUES (1,'styleq','2016-12-21 10:47:07','2016-12-21 10:47:07',1,'no_image.jpg');
/*!40000 ALTER TABLE `styles` ENABLE KEYS */;
UNLOCK TABLES;

--
-- Table structure for table `supplier_types`
--

DROP TABLE IF EXISTS `supplier_types`;
/*!40101 SET @saved_cs_client     = @@character_set_client */;
/*!40101 SET character_set_client = utf8 */;
CREATE TABLE `supplier_types` (
  `id` int(10) unsigned NOT NULL AUTO_INCREMENT,
  `supplier_type` varchar(255) COLLATE utf8_unicode_ci NOT NULL,
  `description` text COLLATE utf8_unicode_ci NOT NULL,
  `created_at` timestamp NULL DEFAULT NULL,
  `updated_at` timestamp NULL DEFAULT NULL,
  `image` varchar(100) COLLATE utf8_unicode_ci NOT NULL,
  `user_id` int(11) NOT NULL,
  PRIMARY KEY (`id`)
) ENGINE=InnoDB DEFAULT CHARSET=utf8 COLLATE=utf8_unicode_ci;
/*!40101 SET character_set_client = @saved_cs_client */;

--
-- Dumping data for table `supplier_types`
--

LOCK TABLES `supplier_types` WRITE;
/*!40000 ALTER TABLE `supplier_types` DISABLE KEYS */;
/*!40000 ALTER TABLE `supplier_types` ENABLE KEYS */;
UNLOCK TABLES;

--
-- Table structure for table `suppliers`
--

DROP TABLE IF EXISTS `suppliers`;
/*!40101 SET @saved_cs_client     = @@character_set_client */;
/*!40101 SET character_set_client = utf8 */;
CREATE TABLE `suppliers` (
  `id` int(10) unsigned NOT NULL AUTO_INCREMENT,
  `supplier_name` varchar(255) COLLATE utf8_unicode_ci NOT NULL,
  `image_thumbnail` varchar(255) COLLATE utf8_unicode_ci NOT NULL,
  `contact_person` varchar(255) COLLATE utf8_unicode_ci NOT NULL,
  `email_address` varchar(255) COLLATE utf8_unicode_ci NOT NULL,
  `supplier_type_id` tinyint(4) NOT NULL,
  `created_at` timestamp NULL DEFAULT NULL,
  `updated_at` timestamp NULL DEFAULT NULL,
  `contact_number` varchar(255) COLLATE utf8_unicode_ci NOT NULL DEFAULT '',
  `postal_address` varchar(255) COLLATE utf8_unicode_ci NOT NULL,
  `image` varchar(255) COLLATE utf8_unicode_ci NOT NULL,
  `website` varchar(255) COLLATE utf8_unicode_ci NOT NULL,
  `user_id` int(11) NOT NULL,
  `deleted_at` timestamp NULL DEFAULT NULL,
  `merchandiser_id` int(11) NOT NULL,
  PRIMARY KEY (`id`)
) ENGINE=InnoDB AUTO_INCREMENT=1485676500 DEFAULT CHARSET=utf8 COLLATE=utf8_unicode_ci;
/*!40101 SET character_set_client = @saved_cs_client */;

--
-- Dumping data for table `suppliers`
--

LOCK TABLES `suppliers` WRITE;
/*!40000 ALTER TABLE `suppliers` DISABLE KEYS */;
INSERT INTO `suppliers` VALUES (1483154275,'vvv','','','',0,'2016-12-30 21:17:55','2016-12-30 21:21:14','','','no_image.jpg','',1,'2016-12-30 21:21:14',0),(1483154289,'1','','','',0,'2016-12-30 21:18:09','2016-12-30 21:20:59','','','no_image.jpg','',1,'2016-12-30 21:20:59',0),(1483154300,'3','','','',0,'2016-12-30 21:18:20','2016-12-30 21:21:34','','','no_image.jpg','',1,'2016-12-30 21:21:34',0),(1483154307,'32','','','',0,'2016-12-30 21:18:27','2016-12-30 21:21:34','','','no_image.jpg','',1,'2016-12-30 21:21:34',0),(1483154311,'555','','','',0,'2016-12-30 21:18:31','2016-12-30 21:21:14','','','no_image.jpg','',1,'2016-12-30 21:21:14',0),(1483154343,'33','','','',0,'2016-12-30 21:19:03','2016-12-30 21:21:34','','','no_image.jpg','',1,'2016-12-30 21:21:34',0),(1483154453,'23','','','',0,'2016-12-30 21:20:53','2016-12-30 21:21:02','','','no_image.jpg','',1,'2016-12-30 21:21:02',0),(1483154519,'aseef','','','',0,'2016-12-30 21:21:59','2016-12-30 21:21:59','','1','1483154519.png','',1,NULL,0),(1483154638,'aseef','','','',0,'2016-12-30 21:23:58','2016-12-30 21:23:58','','1111','1483154638.png','',1,NULL,0),(1483154738,'33','','','',0,'2016-12-30 21:25:38','2016-12-30 21:25:38','','33333','no_image.jpg','',1,NULL,0),(1483154757,'22','','','',0,'2016-12-30 21:25:57','2016-12-30 21:29:51','','2222a','no_image.jpg','',1,'2016-12-30 21:29:51',0),(1483154965,'4','','eee','1',0,'2016-12-30 21:29:25','2016-12-30 21:29:45','cc','p','1483154965.png','w',1,'2016-12-30 21:29:45',0),(1483155732,'ggg','','','',0,'2016-12-30 21:42:12','2016-12-30 21:42:12','','','no_image.jpg','',1,NULL,0),(1483156791,'4444','','','',0,'2016-12-30 21:59:51','2016-12-30 21:59:51','','','1483156791.png','',1,NULL,0),(1485674982,'user.id','','','',0,'2017-01-29 01:29:42','2017-01-29 01:29:42','','','no_image.jpg','',1,NULL,0),(1485675171,'t','','','',0,'2017-01-29 01:32:51','2017-01-29 01:32:51','','','no_image.jpg','',1,NULL,0),(1485675231,'aseef','','','',0,'2017-01-29 01:33:51','2017-01-29 01:33:51','','','no_image.jpg','',1,NULL,0),(1485675271,'33','','','',0,'2017-01-29 01:34:31','2017-01-29 01:34:31','','','no_image.jpg','',1,NULL,0),(1485675301,'3','','','',0,'2017-01-29 01:35:01','2017-01-29 01:35:01','','','no_image.jpg','',1,NULL,7),(1485675332,'ratul','','','',0,'2017-01-29 01:35:32','2017-01-29 01:35:32','','','no_image.jpg','',1,NULL,1485657753),(1485675340,'443','','','',0,'2017-01-29 01:35:40','2017-01-29 01:35:40','','','no_image.jpg','',1,NULL,9),(1485675526,'33','','','',0,'2017-01-29 01:38:46','2017-01-29 01:38:46','','','no_image.jpg','',1,NULL,1),(1485675543,'22','','','',0,'2017-01-29 01:39:03','2017-01-29 01:39:03','','','no_image.jpg','',1,NULL,1485657753),(1485676499,'auni','','1','3',0,'2017-01-29 01:54:59','2017-01-29 01:54:59','ddd4','aaadd','no_image.jpg','ddd6666',1,NULL,1485657753);
/*!40000 ALTER TABLE `suppliers` ENABLE KEYS */;
UNLOCK TABLES;

--
-- Table structure for table `users`
--

DROP TABLE IF EXISTS `users`;
/*!40101 SET @saved_cs_client     = @@character_set_client */;
/*!40101 SET character_set_client = utf8 */;
CREATE TABLE `users` (
  `id` int(10) unsigned NOT NULL AUTO_INCREMENT,
  `first_name` varchar(255) COLLATE utf8_unicode_ci NOT NULL,
  `email` varchar(255) COLLATE utf8_unicode_ci NOT NULL,
  `password` varchar(255) COLLATE utf8_unicode_ci NOT NULL,
  `remember_token` varchar(100) COLLATE utf8_unicode_ci DEFAULT NULL,
  `created_at` timestamp NULL DEFAULT NULL,
  `updated_at` timestamp NULL DEFAULT NULL,
  `last_name` varchar(255) COLLATE utf8_unicode_ci NOT NULL DEFAULT '',
  `dept_id` int(11) NOT NULL DEFAULT '0',
  `designation_id` int(11) NOT NULL DEFAULT '0',
  `emp_role` tinyint(1) NOT NULL,
  `verification_code` varchar(255) COLLATE utf8_unicode_ci NOT NULL,
  `flag` char(1) COLLATE utf8_unicode_ci NOT NULL,
  `logged_in` tinyint(1) NOT NULL DEFAULT '0' COMMENT '0=not logged in, 1=logged in',
  PRIMARY KEY (`id`),
  UNIQUE KEY `users_email_unique` (`email`)
) ENGINE=InnoDB AUTO_INCREMENT=1485657898 DEFAULT CHARSET=utf8 COLLATE=utf8_unicode_ci;
/*!40101 SET character_set_client = @saved_cs_client */;

--
-- Dumping data for table `users`
--

LOCK TABLES `users` WRITE;
/*!40000 ALTER TABLE `users` DISABLE KEYS */;
INSERT INTO `users` VALUES (1,'Aseef','aseefahmed@gmail.com','$2y$10$v5HIhuJaxHZ0aL2dmY.GoOqanNGH3hEYRZPgD3IfIHMw/44ubKnqm',NULL,NULL,'2017-01-29 01:41:06','Ahmed',1,17,1,'','1',1),(2,'Grant','aseef@gmail.com','$2y$10$J.TzaavJKJvOtyw92vGoIu1gc7dNngduL3nBc5/rZ4m9yHAZPmW/a',NULL,NULL,'2016-12-29 11:01:57','',2,2,0,'','1',0),(3,'Nasir','harber.edwina@veum.org','$2y$10$1HMD5A4Iaf8x7TvV194wfOMl3Nzt8D28/Q9ESdLPFGlPXtGWJsfIe',NULL,NULL,NULL,'',8,12,0,'','1',1),(4,'Judy','marcellus90@denesik.com','$2y$10$JMEMv1lKSJ/UFo/jHENCMOLqwtfYS4m5L6qLth799bdWfsPybs3Iu',NULL,NULL,NULL,'',1,1,0,'','1',0),(5,'Elisabeth','kristoffer.ankunding@yahoo.com','$2y$10$sTn72eJIs5IPmAcFk0yri.qGKTThOlX0qVTDNZCWAPex8A00v4o3G',NULL,NULL,NULL,'',4,8,0,'','1',1),(6,'Bobby','gleichner.austyn@jenkins.com','$2y$10$D1YbNvRxfAsmx4vwWdfe8uTLcQCiuOhX/tp4WrI3zlqlbr/VU8Bw.',NULL,NULL,NULL,'',10,2,0,'','',0),(7,'Delaney','bridgette.keeling@gmail.com','$2y$10$GURyDMqmObUaTJy0jHh2jeAnV0LAzwsm1b2cefRaCA0e3ZGlwTzRW',NULL,NULL,NULL,'',3,10,0,'','',0),(8,'Lisandro','hane.laurine@schaefer.com','$2y$10$QkLRWFESoVHLXMLZ23SS2Oqw.c6/4FP7chRPV7zcfQ1Xb0oCtJYd6',NULL,NULL,NULL,'',3,11,0,'','',0),(9,'Jerel','karolann.ryan@hotmail.com','$2y$10$.PgLI.6Oxy4aFiTCnZAjI.j9UFOWLAYU5rw9sFXDy5z3z7IcnzSY.',NULL,NULL,NULL,'',10,1,0,'','',0),(10,'Seth','althea.simonis@murray.biz','$2y$10$mumPp8B5Wakvf.w2Q6zqQuNh8EuKNA/HFlFj1kZ1JwQN6tfHFCSuC',NULL,NULL,NULL,'',6,8,0,'','',0),(11,'Taurean','nikolaus.dolly@yahoo.com','$2y$10$HcMEWhEMD4jxA/KQjoohpONxYgf4wlEm/l6DeaVYVWUWvLy4YBx2O',NULL,NULL,NULL,'',2,16,0,'','',0),(12,'Barry','vdickens@yahoo.com','$2y$10$eciawTbn2lk86XIpgZ4jfOJ8Y7rnuyPoKzmSATR72145MyfAm6Ove',NULL,NULL,NULL,'',8,7,0,'','',0),(13,'Wyatt','reynold87@gmail.com','$2y$10$JucR/9E/IoBZAI4J.bCi5O53NTgaIeP2bDmXVKI7xqjQCpYf7bP5C',NULL,NULL,NULL,'',6,10,0,'','',0),(14,'Lexie','reynolds.anabelle@gmail.com','$2y$10$2SS1T.ADkg36.YTfPQpYW..AtJf6I38u6vzd.zvwZZC.3jwuLncy6',NULL,NULL,NULL,'',4,19,0,'','',0),(15,'Cale','uweissnat@durgan.com','$2y$10$sX7fR1Q8Trxc36YBVbxyZ.k86BaySQZZAF2PChEwnwOT7bA61ByW2',NULL,NULL,NULL,'',4,20,0,'','',0),(16,'Clare','jones.kyleigh@stamm.org','$2y$10$3zMqoCITDeX9jDITToiub.frzbO5AaNmFREG9TDuvcTRA08KGEAi6',NULL,NULL,NULL,'',9,6,0,'','',0),(17,'Filomena','hschimmel@hotmail.com','$2y$10$UstTUeH/en82u7i6Aw3jDuuY5xbugDoA7Wgv4y2CIkdGgbe6w3kMe',NULL,NULL,NULL,'',1,21,0,'','',0),(18,'Jaren','nwilkinson@rippin.com','$2y$10$K9GezgyLSvK5X6Qt88PPAeDMJ1kwc4yU1Js6XPlY.6OaeLJuuu9ha',NULL,NULL,NULL,'',5,4,0,'','',0),(19,'Gennaro','lauren86@yahoo.com','$2y$10$pJNC0UebMzYxJoEwNASql.DRT8bUfn/yx6nAJIz0ATTtlj/LPjZUS',NULL,NULL,NULL,'',8,9,0,'','',0),(20,'Marcelle','rodriguez.lowell@gmail.com','$2y$10$rgE42uYUj/Hi9JWEG2m5But9bLu3L7gxtYFzW/6toa7kEYoD0svpm',NULL,NULL,NULL,'',8,3,0,'','',0),(21,'Lori','batz.layne@bechtelar.net','$2y$10$AWc.m1H1P5.yxoBlYi5OG.OCESr6S54GNvwjuHjMQeTGxiMgNorRS',NULL,NULL,NULL,'',5,1,0,'','',0),(22,'Marina','bethel56@torp.com','$2y$10$GUxkbgfY4kmt/ec4ybyWCuT64XcxqmLlNxp.CQqpSV.TO7KHNK.8m',NULL,NULL,NULL,'',10,13,0,'','',0),(23,'Tressie','ondricka.tom@mills.com','$2y$10$0aYKSM.ZkqFWvNyck8WYGuwJjVr868xQjr36qkoNbxZqhQ72YCqCC',NULL,NULL,NULL,'',5,12,0,'','',0),(24,'Gabe','berge.madison@kozey.com','$2y$10$5NDR4Xg3DFvpLfzIh747LOVGzPm3h5AhaCwZgcnQLaK/zeAluciwy',NULL,NULL,NULL,'',1,13,0,'','',0),(25,'Daniella','velva.collier@damore.com','$2y$10$0x1FNJq8w8QZ/9vD.8bLZOM7vqGh1IP3VjS37S6RNFYfTCly44a1i',NULL,NULL,NULL,'',2,3,0,'','',0),(26,'Elian','alisa72@hotmail.com','$2y$10$T6.LN6QaZuo3JcCYRVX0guMkSeoZRz.HGOuxpal1gD0HaYjztke/S',NULL,NULL,NULL,'',7,3,0,'','',0),(27,'Libbie','vstokes@ratke.net','$2y$10$sWvfjGm3Y25fNAVPOcOy0eOx61YdZPjm7MAr/ishfi1IOkQCxJ3hm',NULL,NULL,NULL,'',7,17,0,'','',0),(28,'Mozelle','franz00@hotmail.com','$2y$10$lSbSkUBGQdtWWvwRM1bNKeOvMJDfqhzlTRihumgeTjNR9jFMHtOci',NULL,NULL,NULL,'',10,14,0,'','',0),(29,'Kailey','lucinda93@schroeder.com','$2y$10$H/0AqSE6WNNoDaaxKUitQeH.Z3qlu86qu.r66iE9rMfYtuy8IEesS',NULL,NULL,NULL,'',1,8,0,'','',0),(30,'Tanner','albertha.muller@kautzer.com','$2y$10$1BHiEWzt18B80QhvYtIZkuKjMOgSS9AR6QV9I5GOvcVPF1LsMzy0q',NULL,NULL,NULL,'',9,21,0,'','',0),(31,'London','hkuvalis@blanda.com','$2y$10$vTWYptd.pmLjkCriVsCxYOQ/lLBPYknlQXFEy8f1DDK5ek2UxcH8y',NULL,NULL,NULL,'',8,18,0,'','',0),(32,'Natasha','kaia.roob@hotmail.com','$2y$10$t1xTfmC7tVu0KwUYf9JSAO7v6WbgeDD5QXfsacVWUEyCF8xDp4ZOa',NULL,NULL,NULL,'',4,5,0,'','',0),(33,'Vivienne','fgaylord@hotmail.com','$2y$10$65CxMHUJuNvLMk9Edsu9DewES.vEnQrW3YTn4dLFe893OaRGtKvpa',NULL,NULL,NULL,'',9,13,0,'','',0),(34,'Vicente','kaya.frami@gmail.com','$2y$10$BWP1mwlHK0AAaSTn.vPNS.uy4T82OrFAMqg2UZAqfTfLTZ2BKJ3RO',NULL,NULL,NULL,'',5,7,0,'','',0),(35,'Rigoberto','gerald.nader@gmail.com','$2y$10$ZduKyqUlIzGxplAaDczrvuP4WkwpBb7hft7sXgxfuJkabypGo.Azi',NULL,NULL,NULL,'',6,7,0,'','',0),(36,'Leopold','sanford.botsford@gmail.com','$2y$10$KqRRaElueyiYmTUmi6owFeTzj2xu76S8jlU/q5d69XqkjuHS4gWla',NULL,NULL,NULL,'',6,3,0,'','',0),(37,'Tyson','cruickshank.maximillian@green.com','$2y$10$fNR/P4jzilmsPeIOtcYFvOgUzF7wCVBCk53xRtnj3tDHcZBJmHFru',NULL,NULL,NULL,'',10,21,0,'','',0),(38,'Ilene','gladys43@hotmail.com','$2y$10$Uc/OVgYKiv3Y/1DnG5NlT.vwXbueYe4XtOtUVlG6YkMxFYQ6821ei',NULL,NULL,NULL,'',3,6,0,'','',0),(39,'Jettie','macejkovic.audie@hotmail.com','$2y$10$.TOhvVvPemYqUXnW0TwRnO9/G4crsY.BnWpKgXcba4J1hVs5EDlMK',NULL,NULL,NULL,'',4,9,0,'','',0),(40,'Elza','efunk@volkman.com','$2y$10$FSKbOfkhoy7W6nz8vc/BBO/hWMEsBA71FkMan82sr9QBOpSXP00rm',NULL,NULL,NULL,'',8,6,0,'','',0),(41,'Jay','lexie86@reinger.com','$2y$10$0BLL0E7.C8Zxk8ydQxHxnOMvZLJ6AWs/RJDvGWSandIhnOXItbkyK',NULL,NULL,NULL,'',7,18,0,'','',0),(42,'Bennett','bartoletti.hayley@hotmail.com','$2y$10$SCQyRuHvFeA2aQEKZiQvKO9A0ibjpW7lhpPpg3OkhtYuUwlLGFJ.u',NULL,NULL,NULL,'',5,21,0,'','',0),(43,'Gunnar','tierra43@feil.com','$2y$10$X8UVQFP4NKlGR1jaJIHAc.iEdvfWByIn2XkKsD4cjDCvijOctgdPq',NULL,NULL,NULL,'',6,13,0,'','',0),(44,'Jamel','urban29@yahoo.com','$2y$10$n5olQ1vUW8RTsTz2r.SaOe4xe.CiydENwRo34/cOSkcpzOAQycCX6',NULL,NULL,NULL,'',6,10,0,'','',0),(45,'Hudson','bmetz@denesik.com','$2y$10$6BYjC7BM9JzPIp8zrCRmJu1TygK6EaSZ2ZDKyQwjGtAwfBzE68K3e',NULL,NULL,NULL,'',3,1,0,'','',0),(46,'Trevor','sfriesen@veum.com','$2y$10$NpzKYldib08PTB7lkQMiw.JxeZ4doff8CGkDBfM2mUUSFTHyanBHK',NULL,NULL,NULL,'',6,20,0,'','',0),(47,'Tessie','qboyle@hickle.com','$2y$10$4RRPmFHghpUdZi8UFtvmOexrRXehtW5kyOaYe0dtzTWOjQtCipXmK',NULL,NULL,NULL,'',2,4,0,'','',0),(48,'Lacy','mayra.erdman@hotmail.com','$2y$10$VPE4HLBvspqcQdZ1PRZWo.w7lJCYUNTrbZsGpjHqF/L4uNgbaC5TW',NULL,NULL,NULL,'',8,10,0,'','',0),(49,'Birdie','larue68@homenick.com','$2y$10$cvq0rwWRM/3klnfR7EwbWO3y2iNLuzULwrQ8JtPJXkLgL1xRW4R8G',NULL,NULL,NULL,'',6,1,0,'','',0),(50,'Candelario','hamill.saige@hotmail.com','$2y$10$aIRTEOTgLvKf9dAcmAM1iO/p8ITtV/HLWiuZnD65kHF4fgFIOE1cG',NULL,NULL,NULL,'',2,8,0,'','',0),(51,'Trinity','omcglynn@johnson.com','$2y$10$nbWFps2.g6QHoZRnOsS7IuyXFWgpTI5oHSh4tZH7u9Z/y1.7seatS',NULL,NULL,NULL,'',9,6,0,'','',0),(52,'Heath','hodkiewicz.arthur@bayer.com','$2y$10$Vp1Fb2PIwijsW1F1Lru5MeycaOeZtDQzut7NgVHuf8QGDweUN7Sni',NULL,NULL,NULL,'',7,8,0,'','',0),(53,'Julianne','xking@lakin.com','$2y$10$rhcOzEQJeu.7mkP5uzran.K.kg4sbw1yy4qIwTM3v4hQhPpXAeRqS',NULL,NULL,NULL,'',3,5,0,'','',0),(54,'Fleta','julian.konopelski@doyle.com','$2y$10$hqV10YxL8MlHG8yZLb83c.7VKYfu0BDthdH14XaZOMmqj/Rzjc/tu',NULL,NULL,NULL,'',8,17,0,'','',0),(55,'Jaleel','chet.stokes@gmail.com','$2y$10$e121Q3wexnHxNNwcTn14qufBMIDylOZsVnkI/HppK7iAqABYW4ZbK',NULL,NULL,NULL,'',1,21,0,'','',0),(56,'Althea','forrest.hane@cummerata.com','$2y$10$2ivzsuxEyvwkwudt3AU2RuGMVok.7gKTIvftKRAwOH9v1aFoiih6O',NULL,NULL,NULL,'',6,19,0,'','',0),(57,'Bria','aharris@balistreri.com','$2y$10$zbw4YSLRkXYwd.0El7qnSuzJf8nCo1GX3LTedQFJsfTsc86zTFckO',NULL,NULL,NULL,'',2,17,0,'','',0),(58,'Arlene','langosh.herminio@gmail.com','$2y$10$QVBuOaCLssTcehCUQ/eik.TP0NP70QzyXs.kDE8AEUZUIOiRCKceK',NULL,NULL,NULL,'',9,2,0,'','',0),(59,'Pinkie','stark.rupert@gmail.com','$2y$10$Wn2xGpKiZ2c7uovT7rGWNOYUhQitxB58/wXbCROvFyzF/i5z2ck06',NULL,NULL,NULL,'',3,9,0,'','',0),(60,'Althea','qabshire@gmail.com','$2y$10$oCxDGYNZkHtys2AOXxWwCu7CPcrbkoYPNjVKp0tSrfjTSEpIRut/i',NULL,NULL,NULL,'',3,14,0,'','',0),(61,'Garrison','ymertz@rippin.com','$2y$10$IC3aciTleKyZ8OU6kFm27.pQcRZwUHEc1oQnnSW83NLoHmcoB6WxC',NULL,NULL,NULL,'',8,12,0,'','',0),(62,'Dayana','eschimmel@cummerata.com','$2y$10$WsxvSEpimC0IJk0L.zcVpe44MhWKd6bgbCuJiJWqJzF5hBDe2mPUq',NULL,NULL,NULL,'',7,21,0,'','',0),(63,'Mozell','gleichner.effie@johnson.com','$2y$10$qqV/GK6o/HiuA4a.nH5HGu2WwLjexQFh022t.bMZH6DuLMy4QXmsq',NULL,NULL,NULL,'',3,15,0,'','',0),(64,'Effie','zakary27@ziemann.org','$2y$10$vSo1oOITKSDy4GfwKFwmyOVhGf7NHdnpwV18UrBgSVTrn/2iVMT/q',NULL,NULL,NULL,'',5,19,0,'','',0),(65,'Helga','dherman@yahoo.com','$2y$10$gAygmTa2e07/y2gtklM81eP5ogxtqhCieqGUg0WioWOo0qMXQJ9Q.',NULL,NULL,NULL,'',9,9,0,'','',0),(66,'Casimer','windler.narciso@hotmail.com','$2y$10$/I02P/Dd96PzQX4zl4sN9Osa7tsUMhaOrhdjK.JFoAIh0YYytikCK',NULL,NULL,NULL,'',5,1,0,'','',0),(67,'Alisa','guillermo12@ullrich.com','$2y$10$mfCGX.Xq3OWBlskfITtTYODwcldo/gd.JNQgH/4TCypjvus/w.YbW',NULL,NULL,NULL,'',9,14,0,'','',0),(68,'Mellie','dakota.lang@yahoo.com','$2y$10$kBdeI2XicEvKbgnuZTSkheCOPWT9d8sFX7rDqiXOuGBIj7XwfH7bO',NULL,NULL,NULL,'',5,2,0,'','',0),(69,'Anne','axel.champlin@wolff.com','$2y$10$nDz61NU9yd62FOKSzDWvN.Daf7GYWONKbfaeWXxAZ28VpyH4dgnkm',NULL,NULL,NULL,'',10,17,0,'','',0),(70,'Nathanael','heloise.keeling@bailey.info','$2y$10$NxahLSCGSvOm680HWMdhlegSFmlzjgYtC9TdKIs7TGK1DYulxEzk.',NULL,NULL,NULL,'',5,8,0,'','',0),(71,'Tyler','kbednar@douglas.info','$2y$10$kvsN8MQw3sjMYEIFRKmeQeznU5lL1RDyiJ7af5YVZrFvyKyPxRvNa',NULL,NULL,NULL,'',10,19,0,'','',0),(72,'Reece','emarvin@douglas.com','$2y$10$YA8vDLk7mj6tWWoVp9.7zecOth5gdAEpf8MwwDL8.eLDDBWM8gLR6',NULL,NULL,NULL,'',4,19,0,'','',0),(73,'Elinore','jaleel04@schoen.com','$2y$10$J6JIavSJFngGshYFriN.qOCoElWgKn.glDRS3hwzhqVFiw.m3v4HG',NULL,NULL,NULL,'',1,16,0,'','',0),(74,'Mara','bogan.justine@gmail.com','$2y$10$A0EmXnrHJlI07yv4aCFPaewF8DL.u.UcEnwA2yVqcoCMLgT9eOXqm',NULL,NULL,NULL,'',2,18,0,'','',0),(75,'Elza','malcolm28@hotmail.com','$2y$10$axUeNcajGjjfM4O9fZ4KR.hgZZDI0LjUS.xUwO5RXdPVWerjE816m',NULL,NULL,NULL,'',8,4,0,'','',0),(76,'Dillon','mrunte@weber.com','$2y$10$ZXAaEz96KYXiDQvZVM5iButux04yaBUBzWPTD0kMSPU00kIdmEPIG',NULL,NULL,NULL,'',7,13,0,'','',0),(77,'Bret','hermann.verla@gmail.com','$2y$10$JrLhEKI/eLlIKri3xfbnXuiKWQbLYdYB./J.HOimFAt71YE0FmV/G',NULL,NULL,NULL,'',3,16,0,'','',0),(78,'Jovanny','elody.mccullough@hotmail.com','$2y$10$WHRlNwyxs8KrTmn78jZV5.qtYsjCQc21BBLiA6FZlSum2rz.q2Pdi',NULL,NULL,NULL,'',5,16,0,'','',0),(79,'Karina','waelchi.audreanne@gmail.com','$2y$10$KSGRnQUg7ryzxLsbk9TsTOQkXrnlBZ8nm/2sbz3aWrAzv6bU/36aW',NULL,NULL,NULL,'',6,9,0,'','',0),(80,'Jess','ruecker.nicolette@gorczany.org','$2y$10$QtZRvui4enL1hTextzl9ou2MzS1DT/UHzCA0TR.ItXGwfTIzBpSFS',NULL,NULL,NULL,'',7,18,0,'','',0),(81,'Edmond','abigayle49@mohr.net','$2y$10$EYZ.i69eqr2.SrcCRKWQgOeIhSfG.pfCN..yWILao8WSBX09HnGsm',NULL,NULL,NULL,'',5,6,0,'','',0),(82,'Brook','keshaun.fritsch@harvey.com','$2y$10$WWKewx5PM0wETXac3bPgWedWsKYTA1pCeVphhIeFw.utprqr8VJcC',NULL,NULL,NULL,'',4,7,0,'','',0),(83,'Baby','justice26@welch.info','$2y$10$OGA6LEB2Pa5TspyZbe2eYuTTHCM3/Eh6jP0atK6eu.lCd2J.TnSO.',NULL,NULL,NULL,'',3,18,0,'','',0),(84,'Donnie','ines98@smitham.com','$2y$10$bihNiZOYRJQ0Et8TIFACruxiUAaxd2Du5E8KMYusPpL7j/XsXvRRy',NULL,NULL,NULL,'',7,6,0,'','',0),(85,'Lonie','lbradtke@walsh.biz','$2y$10$UQgxf4l/ilCBuLOkPtjPbOUqxXqQQbktyf4jjqCassAT/1FnfULG6',NULL,NULL,NULL,'',3,14,0,'','',0),(86,'Jovany','pasquale.strosin@koepp.info','$2y$10$v/Puxc3QXlPjcH3j3ozVy.pl14kVmBzgsgzOy.eAL7beabZ7LirHG',NULL,NULL,NULL,'',7,14,0,'','',0),(87,'Gerald','godfrey.kilback@runolfsdottir.com','$2y$10$vcT8TnxNarsmSxUufmlvXeboxKAyjjKQe8doE8BxI15gDSYIBHUkK',NULL,NULL,NULL,'',1,10,0,'','',0),(88,'Doyle','hilll.jerry@farrell.org','$2y$10$adostuys1l.nxFMv4dWoye/lGek6KCxiYUD9JT.TpVgMHDiQt4ene',NULL,NULL,NULL,'',9,18,0,'','',0),(89,'Conor','ezequiel.beahan@pfeffer.net','$2y$10$9ikKmwN5drvlCeJnsTe6Meg45irwIIiVVbRtLtvysYartmusRxbRy',NULL,NULL,NULL,'',8,8,0,'','',0),(90,'Laverna','moore.ana@hotmail.com','$2y$10$g5JhOO6nwJDoihOoyl1Kbev2j5ejn.kP/SVF51bAC9etw.Qj4ZqhC',NULL,NULL,NULL,'',9,21,0,'','',0),(91,'Mathilde','slowe@langworth.com','$2y$10$a7CySEMVdflTp7wYFYMhI.FilvKFUQT3ANpc6s5mSM/2oMCvVeNza',NULL,NULL,NULL,'',2,2,0,'','',0),(92,'Nella','kklein@bergnaum.info','$2y$10$bQdCww8UWJpr9RDbJpHM7./Jo09ReMEJbrPktORHkuXvKH98p5lgG',NULL,NULL,NULL,'',4,8,0,'','',0),(93,'Rosina','breitenberg.dedric@steuber.com','$2y$10$VTXHoJQoTn0wB4.ggpbq/.VQJu92MTRX0FQGGqMUGhzvwP5z5F6US',NULL,NULL,NULL,'',1,8,0,'','',0),(94,'Genesis','maxime06@anderson.com','$2y$10$nkg5wbn9KhyH66.XC4FlB.eEH.mL7WemI62VucNoANYrOk.oRQ0ma',NULL,NULL,NULL,'',3,4,0,'','',0),(95,'Esther','destiny70@mclaughlin.com','$2y$10$UcmKbjnn3WPFHIZTpdN/bOe8w3vPIpEUqspkquivshpyievsigzL2',NULL,NULL,NULL,'',2,6,0,'','',0),(96,'Deangelo','hermann.ewald@gmail.com','$2y$10$fRO7RXQT.E7mwsEkVIfy2unxVNG7AlMvR4ogC6azhRRHco8JRu256',NULL,NULL,NULL,'',7,6,0,'','',0),(97,'Ryder','misty31@steuber.info','$2y$10$C7c1waWfcITcwoTTu7OkbuTnLl9Cmqc.1OLT37WQFN2WOPvm5ELYK',NULL,NULL,NULL,'',9,4,0,'','',0),(98,'Felipe','alayna.rutherford@stroman.info','$2y$10$Yr85HLs/OQ47Teg8j7WyXORjsKq1wQYf4MwXTrSFcfyN5.au1uAJC',NULL,NULL,NULL,'',7,12,0,'','',0),(99,'Frieda','cgottlieb@homenick.com','$2y$10$4oqYpJD2faTioTCiRh1zCefzawBYBWGSq4I3hyvv9eTFPrvSSBrRa',NULL,NULL,NULL,'',7,13,0,'','',0),(100,'Frank','mann.abdiel@gmail.com','$2y$10$FKYpPIWiEdwc854m7JdXJedGHaVHi.01GuUgx19xtiYZcuP5RAE6i',NULL,NULL,NULL,'',9,3,0,'','',0),(101,'Soledad','roxanne.jast@gmail.com','$2y$10$g1z9Capiw9m3GTB5nnOp7.2Y8B8t5lRbv4yPO71UeGksXWvhd8DaO',NULL,NULL,NULL,'',3,8,0,'','',0),(102,'Alverta','pink.kub@hotmail.com','$2y$10$7qe6TbDWJeV4a2nuafpgdOahoqX.XVzyJXkQQvRtXrnq/N3kYBX1m',NULL,NULL,NULL,'',1,19,0,'','',0),(103,'Liana','clemmie95@schuster.com','$2y$10$nI4AWGrVeaLOwnIsD4HFpOIoe7UUVKyMrOikp/JrVz4EohDILYUFy',NULL,NULL,NULL,'',8,17,0,'','',0),(104,'Della','brekke.santino@anderson.biz','$2y$10$5X8OSvO90zFeZZS4o.2WZ.A.ohxXFyx8nQLWrAH.JbyYp17aE33oa',NULL,NULL,NULL,'',8,5,0,'','',0),(105,'Newton','christian.bayer@hotmail.com','$2y$10$2RVY.mar/GWBWADKPJdBCOkvcseSEEgzhksUEOP.veePm0k58gC0q',NULL,NULL,NULL,'',7,5,0,'','',0),(106,'Andres','abshire.donato@hotmail.com','$2y$10$VBHa1/XRQ7uuAgKYm//tV.Bg5UkT/A7zGIVUtYHx9uWglCe.2cywW',NULL,NULL,NULL,'',5,20,0,'','',0),(107,'Morris','myrtice.streich@gmail.com','$2y$10$XQmEIrccUnoxywyHMdMvAu.sfNwgtJNuH8U6QPp7cfaWOxPY5bxoC',NULL,NULL,NULL,'',9,21,0,'','',0),(108,'Estelle','vicenta.powlowski@kertzmann.com','$2y$10$Sv3ys1Y5Ib9ZnhcaNAXOlOeqyjM8NY1.ItCmskUNN0OC4ENHx5ZhO',NULL,NULL,NULL,'',7,18,0,'','',0),(109,'Alessia','nader.garland@yahoo.com','$2y$10$ZcI/8RieJ3l7o3dYtcICX.FjQZ2aMg/Je229tcR36keAP1x9F1cfe',NULL,NULL,NULL,'',8,15,0,'','',0),(110,'Myrtie','astrid15@gmail.com','$2y$10$DACs6j65plcNFIznu5gUKefr0575GEfQqjsx5mJd9B3QLlKTvkkwy',NULL,NULL,NULL,'',3,13,0,'','',0),(111,'Hettie','tevin.dickinson@yahoo.com','$2y$10$QsIRhkhQ3fWTLIfenYEwq.CDGNZ0Qbp7k/WpxRx9RbcsrPDt2i/eS',NULL,NULL,NULL,'',4,6,0,'','',0),(112,'Clementina','tromp.kristopher@fadel.org','$2y$10$yFf/oXoQ7rustFDi0ulmAeYqx4gzLU5dDgi5/WcrntYacgcv6pG0S',NULL,NULL,NULL,'',7,14,0,'','',0),(113,'Shanny','whilpert@yahoo.com','$2y$10$r7Z8oKpSHiB/FYgUm14fCeatXfXzqnxEVPwa2eRNNiAk/zFlTSrje',NULL,NULL,NULL,'',1,21,0,'','',0),(114,'Eden','shanie.hayes@koelpin.net','$2y$10$srhMEp39XHyN3rdanCkQgeky.QLrT6KcUcaLSuVc9w1JjQ2TgvFoO',NULL,NULL,NULL,'',6,4,0,'','',0),(115,'Karolann','qweber@yahoo.com','$2y$10$6DFIoQTdoqL9iMj4d2y3P./Z65U0GrlzZes2pK09NWm0ZM3o9eBLW',NULL,NULL,NULL,'',7,18,0,'','',0),(116,'Alysha','miller.esperanza@gmail.com','$2y$10$vhi8454l7zzH7xjiXxFfeu4jNPRbvH9m4uskyjljMs7gDXIz0LdvO',NULL,NULL,NULL,'',6,21,0,'','',0),(117,'Jessyca','ukutch@windler.com','$2y$10$D5dlJ0p7zQFMJMqJMIFiEO1iq78NpgXMkrQz6m1gt0g6Zmm6gnvCe',NULL,NULL,NULL,'',2,12,0,'','',0),(118,'Astrid','ariel80@schinner.com','$2y$10$MMkBtFeeO0lz2om0Hi.XN.j7VgCK78.J6KFHbMC9D70WNqw33pMle',NULL,NULL,NULL,'',9,3,0,'','',0),(119,'Cristobal','eveline55@leffler.com','$2y$10$7vTlXwF9cAyU.HUR.2.PpemRoEmvU41qKoz.6awAGXYz6EQx.hsWS',NULL,NULL,NULL,'',2,6,0,'','',0),(120,'Viva','mckenna.bogisich@kerluke.com','$2y$10$WJYB6hQ7ilZV7r43gXZtjeiLQM55znVJNT3E1VloRBIINRgwQpgEW',NULL,NULL,NULL,'',4,12,0,'','',0),(121,'Colten','msauer@hotmail.com','$2y$10$yv6V8GPHY5A.QYJBprSfPusi2uTl7L.dRL5jWsEhO/hJ.aIN19SI2',NULL,NULL,NULL,'',5,7,0,'','',0),(122,'Meghan','major.ziemann@witting.com','$2y$10$iguTQ9JUuO1huUmrJEU31eeClIO4KGMoLj4j9fQIfZ3l4PO4NI842',NULL,NULL,NULL,'',8,5,0,'','',0),(123,'Maida','rory.schaden@gmail.com','$2y$10$R3sFJmxqZLSmdJ87C7MZfuW/i68VIYxPlx2Q/QiMSEtiAFRNI9yBK',NULL,NULL,NULL,'',10,5,0,'','',0),(124,'Breanne','carroll.jarvis@gibson.com','$2y$10$PAadG1efzN0bjc156WAktOvShL/Ky.qQ3M/cmqgIcGuxhMojQUKHy',NULL,NULL,NULL,'',8,7,0,'','',0),(125,'Asia','kenny.kling@feest.biz','$2y$10$V71nswpZS2JgODlWmLFMs.x.kDKMdrcf3W2i6jVObrjJrZV6eggiu',NULL,NULL,NULL,'',1,16,0,'','',0),(126,'Alberta','tod23@padberg.org','$2y$10$JnPQHkNqvyDJAwHvcmmcbuiqKneJf0HaAT2GYSZkENzfJe9Ft2MIC',NULL,NULL,NULL,'',7,20,0,'','',0),(127,'Joanny','halvorson.ernesto@yahoo.com','$2y$10$aEv/6H5QELilOFskTSuNqu/rRNSYR6mKleWFXIQFV1oXlCVfPr5Wq',NULL,NULL,NULL,'',10,8,0,'','',0),(128,'Ralph','otto.abbott@gmail.com','$2y$10$t/uOux4fuAX/.iBddpeADubnmRR7TRgijiFCO4Y7IIW1/i3Eq2Qfa',NULL,NULL,NULL,'',8,14,0,'','',0),(129,'Chaz','zelda46@hotmail.com','$2y$10$yB1HZGiuk0CCdi30Q20PfOrFx9EMqMvnr8IZ9vtBfJiuBKsvjxxpa',NULL,NULL,NULL,'',7,12,0,'','',0),(130,'Barrett','bergstrom.dorothy@gmail.com','$2y$10$JgQmg9GXLGVt0tFof6qSX.3MtfYNCr3AbC3YMPDofdOl9/YKB76Jq',NULL,NULL,NULL,'',4,7,0,'','',0),(131,'Lillie','buford08@willms.com','$2y$10$mRPdGAQtmrA3oNPT0XpKv.Ht.qkodcYbk/FYXfjBPlVmt1I/6ypLK',NULL,NULL,NULL,'',4,6,0,'','',0),(132,'Charley','haley.jackie@gmail.com','$2y$10$cQBejpMlQUR1k78hcHB8Seo1ofb4z8sxfn/DsHTZU7IqSxSqMal0y',NULL,NULL,NULL,'',2,12,0,'','',0),(133,'Kenyon','nelson60@hotmail.com','$2y$10$3rpRLGvSmLp6AzeE86mT9egdUg9CIABmXPYSnBWPmt1pyplpE/r2C',NULL,NULL,NULL,'',7,3,0,'','',0),(134,'Rubye','gene83@hotmail.com','$2y$10$NmUeMzStM38s8W2ENSK.TempEIRmq1TUBWK/cn5qIbQwHnuwJbCSe',NULL,NULL,NULL,'',1,15,0,'','',0),(135,'Brandi','fredrick.feest@beier.org','$2y$10$qqMTQWf.WRDy8uTLn5TPdO6lDPzdqfDU7OmhT0BDyH31ATOHGQL.e',NULL,NULL,NULL,'',10,5,0,'','',0),(136,'Keanu','jennie24@yahoo.com','$2y$10$luR4eYmub7zmWr0zL7Eem.2n4pW9RNRBKNnsdFTuoaE9/qT1mcAfm',NULL,NULL,NULL,'',6,17,0,'','',0),(137,'Olin','abernathy.gonzalo@jakubowski.com','$2y$10$Mbe1HU9yQ0d1ZC.aM4.gv.BbVcIxP81Wh1BAhKDyguIJNOnKNJbYO',NULL,NULL,NULL,'',1,7,0,'','',0),(138,'Ladarius','kohler.dereck@yahoo.com','$2y$10$.yHlvH1cibn.mkyoRSFmKOqT4d6kyLGcCq0CSNDSO/gV6PI6afJDy',NULL,NULL,NULL,'',2,17,0,'','',0),(139,'Bridie','gislason.thomas@prohaska.biz','$2y$10$Rmg7XyxZVIlVJFoOF1p7.OjXD2LLV.yyEHj9HtjAvzR1ViXAxEid6',NULL,NULL,NULL,'',7,12,0,'','',0),(140,'Thora','marquis.okeefe@gleichner.org','$2y$10$OArKrBHcTzey71XToS5NwukvVWESsrpdwE/Ug1DoDpOXwDUz1UXyO',NULL,NULL,NULL,'',4,4,0,'','',0),(141,'Zoila','rogahn.cicero@homenick.com','$2y$10$3.TcKpcorTS8RHOS.A0ST.o36iFK4GsRGyOEx5Kfl7fbKaZy0Civ6',NULL,NULL,NULL,'',1,8,0,'','',0),(142,'Telly','uebert@hotmail.com','$2y$10$Jbi8HLPImPi8/MHKfXrXj.fXvSQf1x0mobmhQ28ZWTLIxYnlY8n0.',NULL,NULL,NULL,'',4,9,0,'','',0),(143,'Velma','oconnell.dayna@bartell.info','$2y$10$Fpah/F3AOTuX7xdrTshNOOLPkEv4toF5AiX2bTm8QgyWcklDiR3b6',NULL,NULL,NULL,'',1,21,0,'','',0),(144,'Waylon','fbraun@russel.biz','$2y$10$zkJo0LYT1qZfvzPx0BN88OcIYB0cQosIyeFnNzIlX94m1Er1pYlCi',NULL,NULL,NULL,'',8,5,0,'','',0),(145,'Pablo','carolyn.hermiston@hayes.biz','$2y$10$X8Ftjp.rhEJgv.H83aPJwu48Rsk/A54C2OVxKFckIxxiE7zKFPfhO',NULL,NULL,NULL,'',1,11,0,'','',0),(146,'Aron','nora47@wolf.com','$2y$10$PnwWBe/IiS6NWbQldQe4CeuI0oLC8lVvcVScRWkRDb3QGGnvHYwqW',NULL,NULL,NULL,'',4,5,0,'','',0),(147,'Santino','gabriel.halvorson@yahoo.com','$2y$10$XGbtdlcy7Sv6rMYg0kT.iOArAJOmdNsgOpTfeCxO6yBy9IjpXBYRe',NULL,NULL,NULL,'',3,13,0,'','',0),(148,'Vickie','qmiller@yahoo.com','$2y$10$0vo.tn4FpgDhXesB.KH8suoUzPWi.JiSnIVlUr6sV5ApxKWc6n9jq',NULL,NULL,NULL,'',9,14,0,'','',0),(149,'Laurel','mclaughlin.kamryn@yahoo.com','$2y$10$J1ybDvMvKqnIqqbVbtzyy.ZC2oZMJmDTN77xsdSmp2lDvgvrGv8LW',NULL,NULL,NULL,'',5,20,0,'','',0),(150,'Eula','zritchie@kunze.com','$2y$10$I.kwyRtXyFWZSaXePXKTXOKcgS9n62Kfuf9HizNivbwyY9ttTVnRS',NULL,NULL,NULL,'',9,9,0,'','',0),(151,'Bridget','wunsch.ally@yahoo.com','$2y$10$EcksJVN/RH53sdlFXbBRW.9q3xUMPjRbuXT/yzaQz0USehv1d/C5q',NULL,NULL,NULL,'',7,15,0,'','',0),(152,'Bennett','xwisoky@herman.com','$2y$10$1utmWzYW9KKi1I741INKe.nA5Uc120XVgDTYgh26TbFsjJXhSFJgS',NULL,NULL,NULL,'',3,5,0,'','',0),(153,'Nelle','cfahey@wisozk.org','$2y$10$mDroworvpzZlTdLnAIzsL.QPvrpVGA7jzIr1NKXStW/uDCL2PEE5i',NULL,NULL,NULL,'',2,18,0,'','',0),(154,'Libby','bradtke.theresia@muller.net','$2y$10$FLk207JQrb.ziEfao/L8P.CHfhrmF.rQEfLzQA4GU4vr4.Z57xDya',NULL,NULL,NULL,'',7,6,0,'','',0),(155,'Rossie','dsauer@kirlin.info','$2y$10$kxkQZRl6iuYkheHDCEHbXedGLJJvlFKrwW7GmNLVV3DrIVNbS1rne',NULL,NULL,NULL,'',6,14,0,'','',0),(156,'Jose','gberge@reinger.biz','$2y$10$CawRq3FOnassio0vsh9VCOCYNRcNdNrtyg5Lh/aNdSF5RPySRjWFG',NULL,NULL,NULL,'',3,2,0,'','',0),(157,'Kiara','reinger.brandy@becker.biz','$2y$10$2SbBhC0S7Hl0WxQOmSFB2OIvfyy3XWTPreijlqxA3GalZlfq31XXC',NULL,NULL,NULL,'',3,13,0,'','',0),(158,'Elwyn','vicente63@yahoo.com','$2y$10$zqhvq2LZgJtFaqchIhwZT.3wg554ByzmhB4Ej4yMTaYq90tlf0hny',NULL,NULL,NULL,'',2,9,0,'','',0),(159,'Griffin','zkuhic@hirthe.info','$2y$10$gV7RhPSl39qKsjO542VoD.YJ3zJWXSpXaluVBc1MuSvdqukH85Z3u',NULL,NULL,NULL,'',1,11,0,'','',0),(160,'Marlene','mhermiston@cole.net','$2y$10$GRVDqx3FRY9WDJndI36ZleJdMgFcsY4orSsMW9w6xM1z9lC0ZE5oq',NULL,NULL,NULL,'',9,12,0,'','',0),(161,'Carmela','umcdermott@gmail.com','$2y$10$XOVCTxKESabSbJtwXwtJ1ecutK/jMa4vRrlHtJktO/P7FMlDXm9ua',NULL,NULL,NULL,'',3,12,0,'','',0),(162,'Ulises','jose.bins@spencer.info','$2y$10$tZCMcXHhhsLaZkw9J6Z2ZuIuUctkWf8TAHL9higomFMEAPJEHluT2',NULL,NULL,NULL,'',8,13,0,'','',0),(163,'Mark','duncan89@hotmail.com','$2y$10$SVrunifVQshsmq9N.F6af.Nn5JaZM00.c.C.OaOH0XnvgTwUrFGPa',NULL,NULL,NULL,'',5,4,0,'','',0),(164,'Leann','hauck.gussie@veum.biz','$2y$10$mpbBztXlGtxGm5SE3EWMI.MdzwlprlHhyVpNIDHdekN7ay3kBY/xK',NULL,NULL,NULL,'',6,20,0,'','',0),(165,'Lucie','bsenger@swift.biz','$2y$10$vNaWBUzvztggvgp7d5MLdutSA.e2WMTLCv43JC5LAF6YMnAjCCBrW',NULL,NULL,NULL,'',10,4,0,'','',0),(166,'Nils','arnulfo.wuckert@lakin.com','$2y$10$7ZETqIoM6BrkG5tPLAN5r.DH.tiwi8uYGuqrdkfTx7YANIL5Dm.a.',NULL,NULL,NULL,'',4,5,0,'','',0),(167,'Manley','lucinda48@yahoo.com','$2y$10$NZcU/HLDJVTM4WSWyqm8S.wjHb/QGHiU2qsC8IPj0QK8wa2z62bjS',NULL,NULL,NULL,'',1,5,0,'','',0),(168,'Caden','adriel.mitchell@aufderhar.com','$2y$10$ONrThi0jEMfmCEvwG58zUOdpr1Z8ESu9w2cx8qrc8pCTxOMKNsdQG',NULL,NULL,NULL,'',7,15,0,'','',0),(169,'Freddie','clemmie.bechtelar@gmail.com','$2y$10$/wU5RwShEm6oSGMfyKS6Vuc/YsM4.W.y9wOA6HVnvkWo/pRuuX9WS',NULL,NULL,NULL,'',7,1,0,'','',0),(170,'Kattie','heller.shanna@hotmail.com','$2y$10$NHd4r2euqnzUeV5vKhmcauINea6dPveLAXHjGllkJuY/p77cxn/I2',NULL,NULL,NULL,'',7,21,0,'','',0),(171,'Cindy','daniel.rosamond@sauer.com','$2y$10$/skUMHBY7ewbk3SW/zxHoeF7GQ.F6fEoS4bY..8.wSQHmfkLmspY6',NULL,NULL,NULL,'',5,12,0,'','',0),(172,'Queen','millie.runolfsdottir@hotmail.com','$2y$10$9b9SLf2FoNPIO21aBECr/OzCs0xaapyaysQCTVXrVh7uEZBigCJyC',NULL,NULL,NULL,'',4,4,0,'','',0),(173,'Hailie','richie05@nitzsche.org','$2y$10$BRRWZL/uGgjQYQhhdyNjVO7cOdnJbypp.HUcLhQU87PcdTh2Ds8re',NULL,NULL,NULL,'',10,3,0,'','',0),(174,'Jody','gay.marvin@casper.net','$2y$10$/2ZyfXOMEt5cGXs3dbpTYOAEgVJ4RtAOQrOTc9/KZWu4Crssl9PRK',NULL,NULL,NULL,'',2,21,0,'','',0),(175,'Lisette','miller.ari@hotmail.com','$2y$10$1CdS02d1en6tAMkBvm97euVp49tMM7WQYvYXr8t/sM0pce.UQ5czy',NULL,NULL,NULL,'',1,18,0,'','',0),(176,'Alanis','brielle.daniel@bayer.net','$2y$10$PSh3DJaE0KPO3u4/UQwGo.TdLnXf1Po7MMAA81CTw0rXnLW/u3TAK',NULL,NULL,NULL,'',1,10,0,'','',0),(177,'Alvera','fstroman@schneider.org','$2y$10$Ejsk/6JyhImY3FoirpusluiWHlsw/4pkbh/xGKXPrwXefM7JmVxF6',NULL,NULL,NULL,'',5,18,0,'','',0),(178,'Kayleigh','pfannerstill.clinton@yahoo.com','$2y$10$K0yxP8AXwR8xyIBiP/ZNZec9YFv6KO3ZqBrjH7Uk1RgJTd2GX/ZQO',NULL,NULL,NULL,'',4,10,0,'','',0),(179,'Maymie','pfeffer.fannie@wintheiser.net','$2y$10$4f5505e9ig9mTuP43CP.B.jNncCKUIzFt3WNDw7EfVvX3m8Ihom2K',NULL,NULL,NULL,'',6,13,0,'','',0),(180,'Irwin','loyal94@hotmail.com','$2y$10$YJeWYXaRUiVnpqTQ26SaI.nvg6AsbpUQ1tPKQd83wFjGazxzuuFn2',NULL,NULL,NULL,'',5,2,0,'','',0),(181,'Lisa','francesca.dickens@hand.com','$2y$10$hk838xJsB4HJw9gRGEjaXu09ItHNdFlvk/5XGr2WF7bnFip08YUd6',NULL,NULL,NULL,'',1,13,0,'','',0),(182,'Marielle','frieda.parker@nikolaus.com','$2y$10$DGlKbfouBDn.NLowP5EPA.I1lQ4p.axvtz0TWaM2tMfUU0RMMgF9G',NULL,NULL,NULL,'',8,16,0,'','',0),(183,'Gino','johnnie.schmeler@hotmail.com','$2y$10$YZd93Z22J9QhKhDrFd41husdkWXmqgXn6/Vf6GsKox4jgnDV5MzdW',NULL,NULL,NULL,'',9,2,0,'','',0),(184,'Tatyana','feeney.gust@casper.net','$2y$10$.EsePQvJmTjtUQF/Am7mCuv7TTKBNoBkH2a3BBmW.XrdejRutCVRS',NULL,NULL,NULL,'',8,4,0,'','',0),(185,'Pauline','ustark@prohaska.com','$2y$10$XWwhRliH7HpJo.uKEu6lN.h7IEPSF0s7xK86L0y/pvDqRnNwkS9Bi',NULL,NULL,NULL,'',10,16,0,'','',0),(186,'Concepcion','imani.sawayn@yahoo.com','$2y$10$XgKP84O0qrD0P5A34ot/.ugrkYJx91LrueuLTOnqrlLDM5aRaey/O',NULL,NULL,NULL,'',3,17,0,'','',0),(187,'Newell','xhuel@hauck.info','$2y$10$RdMZk0ohKZ73jwQHKJjKiO3wd0qfr4wKMe/T/LvFsXF3ztA5PChKS',NULL,NULL,NULL,'',8,7,0,'','',0),(188,'Beth','alec.vonrueden@gmail.com','$2y$10$BG63XF2IXcQ60I4OesmVcekaynoTk5G8rVO7U5KxK.mSVUWim0yL.',NULL,NULL,NULL,'',6,16,0,'','',0),(189,'Dale','xkessler@smith.com','$2y$10$ayHCOQ0IP0NnX1HTvJhU.uJFDJ5mJ8msvKMuOiQxrf8//cY53sHJa',NULL,NULL,NULL,'',4,9,0,'','',0),(190,'Logan','crona.katharina@hotmail.com','$2y$10$lIkirCcB0hYlWDYpd68zm.44lb1oW5P8TTAGdSE0WFTvnfVNtwKBq',NULL,NULL,NULL,'',1,20,0,'','',0),(191,'Estella','lschmeler@yahoo.com','$2y$10$FutAF9DTR7p17WPMc0aud.CmpND2spIUcUdtsCM.uzAS5HE0FjJeS',NULL,NULL,NULL,'',6,1,0,'','',0),(192,'Bert','jewel.romaguera@hotmail.com','$2y$10$0H.mXdwBqVMm20fNUQKCTuxJrkkDne/vBCoXHlmK9RbVVmsoyWY86',NULL,NULL,NULL,'',1,16,0,'','',0),(193,'Demario','gladyce.botsford@murazik.com','$2y$10$Iaij1sRls6Wk3olJQwdy8.ospqGfaXLRNQuUCuQQ6IIHQuK8Cpgt2',NULL,NULL,NULL,'',1,3,0,'','',0),(194,'Bernadine','soledad12@nicolas.com','$2y$10$J.ChW9dJ2qt.7WW8Pgg2U.vil7wpSaowX7PuD9PAAV0oP5VgK9Fb2',NULL,NULL,NULL,'',3,7,0,'','',0),(195,'Sherwood','quincy28@hotmail.com','$2y$10$HnWJ44M/Wnla57XxiBVRYO5.7l3X8Wn2DmBqrMEz.wDwRjnofCn8C',NULL,NULL,NULL,'',5,5,0,'','',0),(196,'Moshe','weissnat.armand@gmail.com','$2y$10$qDQO4FOHFK3a1f9DNPFPC.5KVrmzRShPoWbqr.S0ZUjA2vw0/ZKwK',NULL,NULL,NULL,'',9,1,0,'','',0),(197,'Dillan','johnny.schultz@hotmail.com','$2y$10$Gc1llwVf8MPzC6.i1Xbnwu33tCkoeRSBaXGVCDCg3r0YSawSHsabO',NULL,NULL,NULL,'',4,2,0,'','',0),(198,'Carlo','iflatley@gmail.com','$2y$10$bAhYUiVlubHUsSH2UV43N.fky6GIyOYuxmiSMCcxz7p3nxeTxb21S',NULL,NULL,NULL,'',10,1,0,'','',0),(199,'Cameron','eugenia.steuber@hotmail.com','$2y$10$Jn6q5XQZjQhxCJE3TfxlE.mpdNDKX9whaJ9mwjtiEWsZJkmLQRVAm',NULL,NULL,NULL,'',5,19,0,'','',0),(200,'Linda','mraz.joshua@hand.com','$2y$10$jvwqWLrklrCh47OiPcYqCOUuZ24bzO9Bsie2H7goTUwgsuonenbx6',NULL,NULL,NULL,'',4,12,0,'','',0),(201,'saeef','saeef@gmail.com','$2y$10$EpVzCAY4kprPYoGuofbE8O5YF1Cna0SgnYRYbEaekaoBI6Yn5pmSm',NULL,NULL,'2016-12-31 09:31:57','saeef',0,0,0,'0cd024934c70a35982d57168e95bc7e9','1',0),(202,'fdsa','afdsa','$2y$10$sI8AfClIOI93uxPMQ2Gr3egPeqVslxCmMPv7XTiCBKwZ72OLYPF36',NULL,NULL,NULL,'fdsa',0,0,0,'71943dd29e7a1db26e097b302d8e161f','1',0),(203,'fdsa','afdsaa','$2y$10$to1yc7wjiHxx6RmMUqU8yuA5J7TQX6QYI3xhj7C5Y3MOj/Zq5u03m',NULL,NULL,NULL,'fsad',0,0,0,'e7d526e0f3c529db8c69232200a537a6','1',0),(204,'fdsa','fdsafsaddf','$2y$10$b6wA7AiiPl2XsJ0GsmnVFOnI5BiijXnDxr679vAMGd/OPAX3gXI4a',NULL,NULL,NULL,'fsad',0,0,0,'613446a937a74522becdefa58c7240b2','1',0),(205,'saeef','saeefahmed@gmail.com','$2y$10$pWxQt2c.QrKhRHxQt9dOo.nWqptX7YEYKDRYMNjJgN/xxNSoUg0Oy',NULL,NULL,'2017-01-09 22:03:11','ahmed',0,0,1,'7d745134bf34d5408f88342573cb23d5','1',0),(206,'tareq','gani@gmail.com','$2y$10$Qt6szA9XfjHID62T1gcwaesrUxH7dLoHqQlNwkVMimf5L5pQo7XuK',NULL,NULL,'2017-01-11 11:19:17','gani',0,0,0,'ae022bb4cca7d0dc105dccf29a53eb8c','1',0),(207,'t','a@gmail.com','$2y$10$qnMkq.UvKMdOLmSvV8HE0urorKaKwypaNDSeH18MNPytMk5BCw4tO',NULL,NULL,NULL,'t',0,0,0,'fda9f13dc315250a9677ea855ebe468d','0',0),(1484886355,'33','33','$2y$10$MPoduWMbPWa2eOw.HvE/1.yoRdGnRTkccD6kku4IbZYfAonqy1QaO',NULL,'2017-01-19 22:25:55','2017-01-19 22:25:55','33',0,0,10,'','1',0),(1484886420,'rony22111','rr222','$2y$10$a0U4kMcWdvsXccXAa2CDHuKiIO//5oAhI.dD32QLn1VWnLAS2sFWC',NULL,'2017-01-19 22:27:00','2017-01-28 07:41:33','aseef22',0,0,1,'','1',0),(1485610968,'a','aseef111','$2y$10$.zEbTe07uAj..ud5g1FGZOxg3GpRtXrhF6Z1aJA4JKfBSdwG9dycG',NULL,'2017-01-28 07:42:48','2017-01-28 08:20:40','a',0,0,3,'','1',0),(1485611673,'11aseef1','11111','$2y$10$B8JG39XIG112ayX399xDLuQ1Brd0/0by0/ux2.3Eoi3C4zGh/fMNe',NULL,'2017-01-28 07:54:33','2017-01-28 08:18:41','aseef',0,0,1,'','0',0),(1485620121,'222','2','$2y$10$QAaakE5000WjSlREjfFpHeW4f/BXoM9ZtOiXeslvdYqI5dZ8mY.32',NULL,'2017-01-28 10:15:21','2017-01-28 10:15:21','2',0,0,9,'','1',0),(1485620147,'2','222','$2y$10$5me4fGqvb8Id7itseciI7.91yfGtJbfpuUN5GTLqj8jCszxI3iBfa',NULL,'2017-01-28 10:15:47','2017-01-28 10:15:47','2',0,0,1,'','1',0),(1485620177,'22','123','$2y$10$CSybX5CPux8qLngDRF3jaOl.H05muF8ft5oF/ev..9BEEOvH2RNMi',NULL,'2017-01-28 10:16:17','2017-01-28 10:16:17','1',0,0,10,'','1',0),(1485622407,'211','111','$2y$10$Bx.LZi1CKAJ0FqxEPWfsyOM27IG7j5IEQp4s/8hzHBKMKWpBr1Lva',NULL,'2017-01-28 10:53:27','2017-01-28 10:53:27','11',0,0,2,'','1',0),(1485622419,'3','3','$2y$10$1URVHEN0iLGvjsuiYeXD3OXXeibc/ISc9YlbKJBAhxh0pZe5V.Yju',NULL,'2017-01-28 10:53:39','2017-01-28 10:53:39','33',0,0,2,'','1',0),(1485622460,'4','4','$2y$10$MO7dRXx39TsAw78xB2smYesMYlcc0iXvWJCvXsig6JSgRWu.vj6WS',NULL,'2017-01-28 10:54:20','2017-01-28 10:54:20','4',0,0,2,'','1',0),(1485622477,'6','6','$2y$10$0/uoMCtQW9eIueawy7WjLengpOOshsG2HcwPKLUqRC5kNVfp.JXE2',NULL,'2017-01-28 10:54:37','2017-01-28 10:54:37','66',0,0,2,'','1',0),(1485622832,'a','3a@gmail.com','$2y$10$Z6ix22IROAEQ1o2LB2JB8.karZ8LTELcIR0iTB6G4urTncfarucJC',NULL,'2017-01-28 11:00:32','2017-01-28 11:00:32','s',0,0,3,'','1',0),(1485622873,'4','444','$2y$10$VCz4fCcTE5mgLZddFXxnKO.B2Qw16T6.O/JHWFP4J5AG.uOEbLcni',NULL,'2017-01-28 11:01:13','2017-01-28 11:01:13','4',0,0,3,'','1',0),(1485622908,'43','432432','$2y$10$iO9gDfbOhwHF5hMEZPC.uuDx7nebLLRa7ODSCy6CTQagUejivzxju',NULL,'2017-01-28 11:01:48','2017-01-28 11:01:48','43',0,0,2,'','1',0),(1485622967,'43','434353','$2y$10$CgcGoMS/r74EmYzYPo3Z4.a5xpb0bZPmioJP4VKyHto98TIlQ9hcu',NULL,'2017-01-28 11:02:47','2017-01-28 11:02:47','43',0,0,2,'','1',0),(1485623040,'a','a','$2y$10$EjOhdWIGIuJzZ7jkABFlLu6Of6jXyWSvsXMtU7rJH4W8AdlCZdh9K',NULL,'2017-01-28 11:04:00','2017-01-28 11:04:00','a',0,0,1,'','1',0),(1485623282,'d','dfadsfdasd','$2y$10$VJtMPwUkuL7rDpt1tBesoOjLinJuFx.LqXYGOwcz8/JSW9K.MnYp6',NULL,'2017-01-28 11:08:02','2017-01-28 11:08:02','d',0,0,1,'','1',0),(1485625822,'32','323232','$2y$10$wtCkdo9IWJFtw/Ik.UMA5O7.XZjKALZyhbzufe/4beQ1YeEFCJ6BG',NULL,'2017-01-28 11:50:22','2017-01-28 11:50:22','32',0,0,1,'','1',0),(1485626224,'32','32','$2y$10$EcfM5euJgdMF1WVLBYWkSuT.nRx/llzAY7GopjgSvXTjJQORm3wmK',NULL,'2017-01-28 11:57:04','2017-01-28 11:57:04','32',0,0,3,'','1',0),(1485626232,'43','43','$2y$10$OMin7vAsUsguyUsGFJOPK.l..5zN7I0yJJ3jT7LwRMevYKTYpTNkK',NULL,'2017-01-28 11:57:12','2017-01-28 11:57:12','43',0,0,9,'','1',0),(1485626341,'1','3333','$2y$10$Jkb3TwDmEgvHEGsfIki6pOexgedEkDXMYhrFQYFrPBTRuJphEH7W6',NULL,'2017-01-28 11:59:01','2017-01-28 12:15:05','3',0,0,2,'','1',0),(1485626411,'43','43434','$2y$10$8fLtfVw//bZVZYJDpKDAM.uO8K9WMdv9BoCyJ.xLi.wOpO1InZJoO',NULL,'2017-01-28 12:00:11','2017-01-28 12:00:11','43',0,0,10,'','1',0),(1485626479,'aa','aaaa','$2y$10$PyMjrYseFBEcI72uS6o9dOQ18llA8H6JvkktEEiegGLe7f9U39ssW',NULL,'2017-01-28 12:01:19','2017-01-28 12:01:19','a',0,0,10,'','1',0),(1485626519,'afdsfa','fdsa','$2y$10$1V7fDZWSrw7Shl7IMjZg2eescoD.VrLL2FtM9iZlVV4vIjNBuKfSq',NULL,'2017-01-28 12:02:00','2017-01-28 12:16:33','fdsafs',0,0,3,'','1',0),(1485657276,'3','33333','$2y$10$V0Ac0m0.TeSrV8UqrbV7jOzuP68xJdBUGj0r8MbM2JB2s4nIV/qTC',NULL,'2017-01-28 20:34:36','2017-01-28 20:34:36','3',0,0,1,'','1',0),(1485657290,'4','4444','$2y$10$.iTMYxz2NvvyXDo7Ly/jYOM0gcndvntOdM8E455N1N98J2EB1LPKu',NULL,'2017-01-28 20:34:50','2017-01-28 20:34:50','4',0,0,2,'','1',0),(1485657305,'h','h','$2y$10$moBGXyShr8Vzgwz/zQIy4uVl53mbinJjGcPb4uvIc5Xm7ySnwhhoy',NULL,'2017-01-28 20:35:05','2017-01-28 20:35:05','h',0,0,9,'','1',0),(1485657385,'aseef','aseef','$2y$10$nl.CgYviJzztmSbvOKi1nugblHb7sNe16Zk6BxYb3eYQmmvfskqCG',NULL,'2017-01-28 20:36:25','2017-01-28 21:58:37','aseef',0,0,3,'','1',0),(1485657753,'Arif','test','$2y$10$hHU8GczEURHIaj2SrFZgxOLOkuil3Jj8WPDW9WHC/r2exUZj89LY2',NULL,'2017-01-28 20:42:33','2017-01-29 01:40:57','Haque',0,0,9,'','1',0),(1485657897,'11112222111','a11@gmail.com','$2y$10$NJ.0WvWBQ7lMh1Nbx90Cv.G9AsDs1vJItR6d.95vaQ2xSAyfPwwAC',NULL,'2017-01-28 20:44:57','2017-01-29 00:15:49','rony22222',0,0,10,'','0',0);
/*!40000 ALTER TABLE `users` ENABLE KEYS */;
UNLOCK TABLES;
/*!40103 SET TIME_ZONE=@OLD_TIME_ZONE */;

/*!40101 SET SQL_MODE=@OLD_SQL_MODE */;
/*!40014 SET FOREIGN_KEY_CHECKS=@OLD_FOREIGN_KEY_CHECKS */;
/*!40014 SET UNIQUE_CHECKS=@OLD_UNIQUE_CHECKS */;
/*!40101 SET CHARACTER_SET_CLIENT=@OLD_CHARACTER_SET_CLIENT */;
/*!40101 SET CHARACTER_SET_RESULTS=@OLD_CHARACTER_SET_RESULTS */;
/*!40101 SET COLLATION_CONNECTION=@OLD_COLLATION_CONNECTION */;
/*!40111 SET SQL_NOTES=@OLD_SQL_NOTES */;

-- Dump completed on 2017-01-29 14:47:49
